Variante,Test,Temps echange (ms),Temps message (ms),Attaque reussie
Kyber-512,0,29.938,0.0304,0
Kyber-512,1,0.2291,0.0207,0
Kyber-512,2,0.1517,0.0188,0
Kyber-512,3,0.1498,0.0183,0
Kyber-512,4,0.1445,0.0183,0
Kyber-512,5,0.1577,0.0178,0
Kyber-512,6,0.1552,0.0177,0
Kyber-512,7,0.1413,0.0181,0
Kyber-512,8,0.1403,0.0179,0
Kyber-512,9,0.139,0.0141,0
Kyber-512,10,0.1376,0.0143,0
Kyber-512,11,0.1389,0.0143,0
Kyber-512,12,0.1372,0.0144,0
Kyber-512,13,0.1914,0.0143,0
Kyber-512,14,0.1435,0.0141,0
Kyber-512,15,0.139,0.0142,0
Kyber-512,16,0.1362,0.0439,0
Kyber-512,17,0.1368,0.0161,0
Kyber-512,18,0.1357,0.015,0
Kyber-512,19,0.1449,0.0146,0
Kyber-512,20,0.1566,0.0149,0
Kyber-512,21,0.1375,0.0144,0
Kyber-512,22,0.1378,0.0145,0
Kyber-512,23,0.1364,0.0144,0
Kyber-512,24,0.1385,0.0144,0
Kyber-512,25,0.1435,0.0142,0
Kyber-512,26,0.143,0.0147,0
Kyber-512,27,0.1565,0.0144,0
Kyber-512,28,0.1379,0.0143,0
Kyber-512,29,0.1367,0.0142,0
Kyber-512,30,0.1378,0.0143,0
Kyber-512,31,0.1361,0.023,0
Kyber-512,32,0.1361,0.0143,0
Kyber-512,33,0.1484,0.0141,0
Kyber-512,34,0.1508,0.0142,0
Kyber-512,35,0.1388,0.0145,0
Kyber-512,36,0.1367,0.0141,0
Kyber-512,37,0.1359,0.0142,0
Kyber-512,38,0.1364,0.0141,0
Kyber-512,39,0.1359,0.0143,0
Kyber-512,40,0.137,0.0142,0
Kyber-512,41,0.1485,0.014,0
Kyber-512,42,0.1396,0.0142,0
Kyber-512,43,0.136,0.0141,0
Kyber-512,44,0.1374,0.0142,0
Kyber-512,45,0.1366,0.0141,0
Kyber-512,46,0.1451,0.0146,0
Kyber-512,47,0.1453,0.0143,0
Kyber-512,48,0.1768,0.014,0
Kyber-512,49,0.1483,0.0141,0
Kyber-512,50,0.1409,0.0267,0
Kyber-512,51,0.1511,0.0143,0
Kyber-512,52,0.1424,0.0142,0
Kyber-512,53,0.1466,0.014,0
Kyber-512,54,0.1412,0.0143,0
Kyber-512,55,0.1621,0.014,0
Kyber-512,56,0.1389,0.0142,0
Kyber-512,57,0.1401,0.0145,0
Kyber-512,58,0.1349,0.0139,0
Kyber-512,59,0.1368,0.0139,0
Kyber-512,60,0.1362,0.015,0
Kyber-512,61,0.1509,0.0144,0
Kyber-512,62,0.174,0.0139,0
Kyber-512,63,0.1574,0.0142,0
Kyber-512,64,0.1372,0.0141,0
Kyber-512,65,0.1525,0.0142,0
Kyber-512,66,0.145,0.0148,0
Kyber-512,67,0.1363,0.0141,0
Kyber-512,68,0.136,0.014,0
Kyber-512,69,0.1376,0.0142,0
Kyber-512,70,0.1357,0.0141,0
Kyber-512,71,0.1345,0.0141,0
Kyber-512,72,0.1357,0.0142,0
Kyber-512,73,0.1504,0.014,0
Kyber-512,74,0.1361,0.0139,0
Kyber-512,75,0.1474,0.0141,0
Kyber-512,76,0.1345,0.014,0
Kyber-512,77,0.1348,0.014,0
Kyber-512,78,0.1363,0.0141,0
Kyber-512,79,0.1345,0.0142,0
Kyber-512,80,0.1531,0.0144,0
Kyber-512,81,0.1365,0.014,0
Kyber-512,82,0.1347,0.0141,0
Kyber-512,83,0.1359,0.0144,0
Kyber-512,84,0.1357,0.0143,0
Kyber-512,85,0.1362,0.0138,0
Kyber-512,86,0.1361,0.014,0
Kyber-512,87,0.1459,0.014,0
Kyber-512,88,0.1383,0.014,0
Kyber-512,89,0.1445,0.0142,0
Kyber-512,90,0.1671,0.0143,0
Kyber-512,91,0.1402,0.0139,0
Kyber-512,92,0.1346,0.0141,0
Kyber-512,93,0.1359,0.0141,0
Kyber-512,94,0.1508,0.0137,0
Kyber-512,95,0.1375,0.0143,0
Kyber-512,96,0.1524,0.014,0
Kyber-512,97,0.1357,0.014,0
Kyber-512,98,0.1449,0.0139,0
Kyber-512,99,0.1355,0.0142,0
Kyber-512,100,0.1365,0.014,0
Kyber-512,101,0.1471,0.014,0
Kyber-512,102,0.1377,0.0442,0
Kyber-512,103,0.144,0.0144,0
Kyber-512,104,0.1383,0.014,0
Kyber-512,105,0.1358,0.0141,0
Kyber-512,106,0.1355,0.0143,0
Kyber-512,107,0.137,0.0141,0
Kyber-512,108,0.1461,0.014,0
Kyber-512,109,0.1413,0.0142,0
Kyber-512,110,0.1484,0.0138,0
Kyber-512,111,0.1364,0.0145,0
Kyber-512,112,0.1409,0.014,0
Kyber-512,113,0.1362,0.0143,0
Kyber-512,114,0.1353,0.0142,0
Kyber-512,115,0.1369,0.0142,0
Kyber-512,116,0.1352,0.014,0
Kyber-512,117,0.1466,0.0139,0
Kyber-512,118,0.139,0.0138,0
Kyber-512,119,0.2058,0.0142,0
Kyber-512,120,0.146,0.0145,0
Kyber-512,121,0.1381,0.0142,0
Kyber-512,122,0.1357,0.0142,0
Kyber-512,123,0.1406,0.014,0
Kyber-512,124,0.1476,0.0141,0
Kyber-512,125,0.1469,0.014,0
Kyber-512,126,0.2032,0.0141,0
Kyber-512,127,0.1643,0.014,0
Kyber-512,128,0.1455,0.0139,0
Kyber-512,129,0.1425,0.014,0
Kyber-512,130,0.1643,0.0141,0
Kyber-512,131,0.1419,0.0142,0
Kyber-512,132,0.1516,0.014,0
Kyber-512,133,0.1393,0.0141,0
Kyber-512,134,0.1379,0.0141,0
Kyber-512,135,0.1388,0.0139,0
Kyber-512,136,0.1352,0.0139,0
Kyber-512,137,0.138,0.0141,0
Kyber-512,138,0.1464,0.0142,0
Kyber-512,139,0.147,0.014,0
Kyber-512,140,0.1412,0.0141,0
Kyber-512,141,0.1359,0.014,0
Kyber-512,142,0.138,0.0141,0
Kyber-512,143,0.1378,0.0141,0
Kyber-512,144,0.1361,0.014,0
Kyber-512,145,0.1511,0.0138,0
Kyber-512,146,0.1458,0.0139,0
Kyber-512,147,0.1392,0.0142,0
Kyber-512,148,0.1362,0.0141,0
Kyber-512,149,0.1443,0.0139,0
Kyber-512,150,0.2214,0.0224,0
Kyber-512,151,0.1771,0.0142,0
Kyber-512,152,0.1635,0.0139,0
Kyber-512,153,0.2863,0.0142,0
Kyber-512,154,0.2242,0.0141,0
Kyber-512,155,0.2366,0.0139,0
Kyber-512,156,0.1513,0.0141,0
Kyber-512,157,0.1415,0.0141,0
Kyber-512,158,0.1563,0.0141,0
Kyber-512,159,0.1415,0.0139,0
Kyber-512,160,0.1379,0.0142,0
Kyber-512,161,0.1404,0.0137,0
Kyber-512,162,0.1851,0.014,0
Kyber-512,163,0.1433,0.0143,0
Kyber-512,164,0.1388,0.014,0
Kyber-512,165,0.1551,0.0138,0
Kyber-512,166,0.14,0.0142,0
Kyber-512,167,0.1385,0.0139,0
Kyber-512,168,0.1385,0.0142,0
Kyber-512,169,0.1548,0.0146,0
Kyber-512,170,0.1648,0.0138,0
Kyber-512,171,0.1593,0.0139,0
Kyber-512,172,0.1573,0.014,0
Kyber-512,173,0.1389,0.0145,0
Kyber-512,174,0.1398,0.014,0
Kyber-512,175,0.1566,0.015,0
Kyber-512,176,0.1432,0.014,0
Kyber-512,177,0.1373,0.0144,0
Kyber-512,178,0.1367,0.014,0
Kyber-512,179,0.1531,0.0141,0
Kyber-512,180,0.136,0.0144,0
Kyber-512,181,0.1354,0.0142,0
Kyber-512,182,0.1546,0.0142,0
Kyber-512,183,0.158,0.0142,0
Kyber-512,184,0.1369,0.0143,0
Kyber-512,185,0.1343,0.0144,0
Kyber-512,186,0.135,0.0145,0
Kyber-512,187,0.135,0.0139,0
Kyber-512,188,0.1361,0.014,0
Kyber-512,189,0.1535,0.0222,0
Kyber-512,190,0.1462,0.0139,0
Kyber-512,191,0.1377,0.0141,0
Kyber-512,192,0.1369,0.0141,0
Kyber-512,193,0.1351,0.014,0
Kyber-512,194,0.1346,0.014,0
Kyber-512,195,0.1351,0.0145,0
Kyber-512,196,0.1343,0.0143,0
Kyber-512,197,0.1763,0.014,0
Kyber-512,198,0.143,0.0139,0
Kyber-512,199,0.1354,0.014,0
Kyber-512,200,0.1671,0.014,0
Kyber-512,201,0.1794,0.0143,0
Kyber-512,202,0.1626,0.014,0
Kyber-512,203,0.2276,0.0139,0
Kyber-512,204,0.2316,0.014,0
Kyber-512,205,0.1863,0.014,0
Kyber-512,206,0.1421,0.0138,0
Kyber-512,207,0.139,0.0143,0
Kyber-512,208,0.1503,0.014,0
Kyber-512,209,0.1589,0.014,0
Kyber-512,210,0.1361,0.014,0
Kyber-512,211,0.1355,0.0139,0
Kyber-512,212,0.1352,0.0139,0
Kyber-512,213,0.1355,0.0138,0
Kyber-512,214,0.1347,0.0141,0
Kyber-512,215,0.1355,0.014,0
Kyber-512,216,0.2002,0.014,0
Kyber-512,217,0.138,0.014,0
Kyber-512,218,0.1359,0.0142,0
Kyber-512,219,0.1378,0.0141,0
Kyber-512,220,0.1356,0.0141,0
Kyber-512,221,0.1374,0.0137,0
Kyber-512,222,0.1453,0.0142,0
Kyber-512,223,0.1576,0.014,0
Kyber-512,224,0.1377,0.0141,0
Kyber-512,225,0.1374,0.014,0
Kyber-512,226,0.1381,0.014,0
Kyber-512,227,0.1379,0.014,0
Kyber-512,228,0.1383,0.0141,0
Kyber-512,229,0.143,0.0143,0
Kyber-512,230,0.1439,0.0139,0
Kyber-512,231,0.1373,0.0173,0
Kyber-512,232,0.1367,0.0149,0
Kyber-512,233,0.1363,0.0143,0
Kyber-512,234,0.1359,0.0144,0
Kyber-512,235,0.1379,0.0145,0
Kyber-512,236,0.1358,0.0141,0
Kyber-512,237,0.164,0.014,0
Kyber-512,238,0.1415,0.0144,0
Kyber-512,239,0.1367,0.0143,0
Kyber-512,240,0.1382,0.014,0
Kyber-512,241,0.1386,0.0141,0
Kyber-512,242,0.1375,0.0144,0
Kyber-512,243,0.1414,0.0141,0
Kyber-512,244,0.1523,0.0139,0
Kyber-512,245,0.1398,0.0139,0
Kyber-512,246,0.1374,0.014,0
Kyber-512,247,0.1404,0.0145,0
Kyber-512,248,0.139,0.0141,0
Kyber-512,249,0.1358,0.0147,0
Kyber-512,250,0.1381,0.014,0
Kyber-512,251,0.172,0.0139,0
Kyber-512,252,0.1426,0.0253,0
Kyber-512,253,0.1376,0.0157,0
Kyber-512,254,0.1373,0.0141,0
Kyber-512,255,0.1359,0.0144,0
Kyber-512,256,0.1348,0.0141,0
Kyber-512,257,0.1364,0.0138,0
Kyber-512,258,0.2049,0.014,0
Kyber-512,259,0.1693,0.014,0
Kyber-512,260,0.1434,0.0138,0
Kyber-512,261,0.1401,0.0142,0
Kyber-512,262,0.1388,0.0141,0
Kyber-512,263,0.1392,0.0169,0
Kyber-512,264,0.144,0.0143,0
Kyber-512,265,0.1591,0.0147,0
Kyber-512,266,0.136,0.014,0
Kyber-512,267,0.1369,0.0142,0
Kyber-512,268,0.138,0.0142,0
Kyber-512,269,0.1366,0.014,0
Kyber-512,270,0.1378,0.0141,0
Kyber-512,271,0.1379,0.0141,0
Kyber-512,272,0.156,0.0142,0
Kyber-512,273,0.1382,0.0143,0
Kyber-512,274,0.138,0.0143,0
Kyber-512,275,0.1364,0.014,0
Kyber-512,276,0.1368,0.0143,0
Kyber-512,277,0.1369,0.0139,0
Kyber-512,278,0.1421,0.014,0
Kyber-512,279,0.1674,0.0141,0
Kyber-512,280,0.1382,0.0138,0
Kyber-512,281,0.1381,0.0143,0
Kyber-512,282,0.1348,0.015,0
Kyber-512,283,0.1365,0.0143,0
Kyber-512,284,0.1359,0.0142,0
Kyber-512,285,0.1364,0.0141,0
Kyber-512,286,0.1515,0.0139,0
Kyber-512,287,0.1374,0.014,0
Kyber-512,288,0.1364,0.0144,0
Kyber-512,289,0.135,0.0145,0
Kyber-512,290,0.1373,0.0141,0
Kyber-512,291,0.1372,0.0141,0
Kyber-512,292,0.1362,0.0139,0
Kyber-512,293,0.1567,0.0139,0
Kyber-512,294,0.1421,0.0147,0
Kyber-512,295,0.1383,0.0143,0
Kyber-512,296,0.1356,0.014,0
Kyber-512,297,0.1378,0.0139,0
Kyber-512,298,0.1365,0.0141,0
Kyber-512,299,0.1355,0.0139,0
Kyber-512,300,0.148,0.0141,0
Kyber-512,301,0.1416,0.0141,0
Kyber-512,302,0.1351,0.0142,0
Kyber-512,303,0.1359,0.014,0
Kyber-512,304,0.1365,0.014,0
Kyber-512,305,0.1347,0.014,0
Kyber-512,306,0.1353,0.0148,0
Kyber-512,307,0.1519,0.0171,0
Kyber-512,308,0.1408,0.014,0
Kyber-512,309,0.1375,0.014,0
Kyber-512,310,0.1366,0.014,0
Kyber-512,311,0.1376,0.014,0
Kyber-512,312,0.1338,0.0142,0
Kyber-512,313,0.1366,0.0142,0
Kyber-512,314,0.1444,0.0141,0
Kyber-512,315,0.1436,0.014,0
Kyber-512,316,0.1356,0.0141,0
Kyber-512,317,0.137,0.0142,0
Kyber-512,318,0.1366,0.0146,0
Kyber-512,319,0.1371,0.0139,0
Kyber-512,320,0.1351,0.0138,0
Kyber-512,321,0.1365,0.0138,0
Kyber-512,322,0.1948,0.014,0
Kyber-512,323,0.1391,0.0142,0
Kyber-512,324,0.1367,0.0144,0
Kyber-512,325,0.1363,0.0142,0
Kyber-512,326,0.1375,0.014,0
Kyber-512,327,0.1347,0.014,0
Kyber-512,328,0.1364,0.014,0
Kyber-512,329,0.1556,0.014,0
Kyber-512,330,0.1444,0.0142,0
Kyber-512,331,0.1378,0.0149,0
Kyber-512,332,0.1354,0.0145,0
Kyber-512,333,0.1377,0.0142,0
Kyber-512,334,0.136,0.0142,0
Kyber-512,335,0.1377,0.014,0
Kyber-512,336,0.1656,0.0139,0
Kyber-512,337,0.1795,0.014,0
Kyber-512,338,0.1409,0.0139,0
Kyber-512,339,0.137,0.0141,0
Kyber-512,340,0.1628,0.0141,0
Kyber-512,341,0.1389,0.014,0
Kyber-512,342,0.1373,0.0144,0
Kyber-512,343,0.1369,0.0142,0
Kyber-512,344,0.135,0.0142,0
Kyber-512,345,0.1365,0.0139,0
Kyber-512,346,0.1362,0.0141,0
Kyber-512,347,0.1491,0.0139,0
Kyber-512,348,0.1377,0.0141,0
Kyber-512,349,0.1375,0.0137,0
Kyber-512,350,0.1501,0.0144,0
Kyber-512,351,0.1368,0.014,0
Kyber-512,352,0.1368,0.014,0
Kyber-512,353,0.1367,0.0141,0
Kyber-512,354,0.1494,0.0141,0
Kyber-512,355,0.1408,0.014,0
Kyber-512,356,0.1365,0.0142,0
Kyber-512,357,0.1355,0.0141,0
Kyber-512,358,0.135,0.0138,0
Kyber-512,359,0.137,0.0139,0
Kyber-512,360,0.136,0.0143,0
Kyber-512,361,0.1441,0.014,0
Kyber-512,362,0.1409,0.0146,0
Kyber-512,363,0.1359,0.0142,0
Kyber-512,364,0.1447,0.0142,0
Kyber-512,365,0.1553,0.014,0
Kyber-512,366,0.136,0.0146,0
Kyber-512,367,0.1362,0.0139,0
Kyber-512,368,0.1835,0.0144,0
Kyber-512,369,0.2549,0.0144,0
Kyber-512,370,0.2136,0.0141,0
Kyber-512,371,0.1452,0.0144,0
Kyber-512,372,0.137,0.0138,0
Kyber-512,373,0.1398,0.0142,0
Kyber-512,374,0.1369,0.014,0
Kyber-512,375,0.1377,0.0138,0
Kyber-512,376,0.1372,0.014,0
Kyber-512,377,0.1752,0.0141,0
Kyber-512,378,0.1429,0.0143,0
Kyber-512,379,0.1373,0.0143,0
Kyber-512,380,0.1366,0.0138,0
Kyber-512,381,0.1361,0.014,0
Kyber-512,382,0.1369,0.0141,0
Kyber-512,383,0.136,0.014,0
Kyber-512,384,0.1461,0.0141,0
Kyber-512,385,0.1423,0.0138,0
Kyber-512,386,0.1374,0.014,0
Kyber-512,387,0.1355,0.0141,0
Kyber-512,388,0.1352,0.0141,0
Kyber-512,389,0.1343,0.0141,0
Kyber-512,390,0.1349,0.0141,0
Kyber-512,391,0.1706,0.0142,0
Kyber-512,392,0.1465,0.0141,0
Kyber-512,393,0.1381,0.0142,0
Kyber-512,394,0.1357,0.014,0
Kyber-512,395,0.1374,0.0141,0
Kyber-512,396,0.1355,0.0138,0
Kyber-512,397,0.136,0.0139,0
Kyber-512,398,0.1344,0.014,0
Kyber-512,399,0.1632,0.0141,0
Kyber-512,400,0.1382,0.0144,0
Kyber-512,401,0.1375,0.0142,0
Kyber-512,402,0.1371,0.0142,0
Kyber-512,403,0.1368,0.0148,0
Kyber-512,404,0.1362,0.0144,0
Kyber-512,405,0.1472,0.014,0
Kyber-512,406,0.1594,0.0142,0
Kyber-512,407,0.1396,0.014,0
Kyber-512,408,0.1377,0.0142,0
Kyber-512,409,0.1361,0.0144,0
Kyber-512,410,0.1375,0.0142,0
Kyber-512,411,0.1368,0.0142,0
Kyber-512,412,0.1348,0.014,0
Kyber-512,413,0.1488,0.014,0
Kyber-512,414,0.1355,0.0142,0
Kyber-512,415,0.136,0.0149,0
Kyber-512,416,0.1341,0.0258,0
Kyber-512,417,0.1355,0.0167,0
Kyber-512,418,0.1355,0.0164,0
Kyber-512,419,0.1445,0.0147,0
Kyber-512,420,0.1489,0.0141,0
Kyber-512,421,0.1398,0.0139,0
Kyber-512,422,0.137,0.0141,0
Kyber-512,423,0.1354,0.0144,0
Kyber-512,424,0.1367,0.0144,0
Kyber-512,425,0.1339,0.0141,0
Kyber-512,426,0.1363,0.0237,0
Kyber-512,427,0.1894,0.0142,0
Kyber-512,428,0.1476,0.015,0
Kyber-512,429,0.136,0.0143,0
Kyber-512,430,0.1346,0.0144,0
Kyber-512,431,0.1364,0.014,0
Kyber-512,432,0.1361,0.015,0
Kyber-512,433,0.1443,0.014,0
Kyber-512,434,0.1487,0.014,0
Kyber-512,435,0.141,0.0144,0
Kyber-512,436,0.1341,0.0143,0
Kyber-512,437,0.136,0.014,0
Kyber-512,438,0.1359,0.0141,0
Kyber-512,439,0.1356,0.0142,0
Kyber-512,440,0.1341,0.0141,0
Kyber-512,441,0.1432,0.0139,0
Kyber-512,442,0.1423,0.0142,0
Kyber-512,443,0.1363,0.0142,0
Kyber-512,444,0.1362,0.0145,0
Kyber-512,445,0.1357,0.0142,0
Kyber-512,446,0.134,0.0142,0
Kyber-512,447,0.1358,0.0141,0
Kyber-512,448,0.1543,0.014,0
Kyber-512,449,0.1418,0.014,0
Kyber-512,450,0.1344,0.0138,0
Kyber-512,451,0.1368,0.0141,0
Kyber-512,452,0.1336,0.0141,0
Kyber-512,453,0.1351,0.0142,0
Kyber-512,454,0.1357,0.014,0
Kyber-512,455,0.1345,0.0142,0
Kyber-512,456,0.1519,0.0144,0
Kyber-512,457,0.1392,0.0143,0
Kyber-512,458,0.1368,0.0141,0
Kyber-512,459,0.1357,0.0143,0
Kyber-512,460,0.1336,0.014,0
Kyber-512,461,0.1356,0.014,0
Kyber-512,462,0.1418,0.0141,0
Kyber-512,463,0.1616,0.014,0
Kyber-512,464,0.1409,0.0142,0
Kyber-512,465,0.138,0.014,0
Kyber-512,466,0.1537,0.0139,0
Kyber-512,467,0.1454,0.0142,0
Kyber-512,468,0.1378,0.014,0
Kyber-512,469,0.1366,0.0142,0
Kyber-512,470,0.1361,0.0141,0
Kyber-512,471,0.1369,0.0142,0
Kyber-512,472,0.135,0.0143,0
Kyber-512,473,0.1364,0.0142,0
Kyber-512,474,0.1516,0.0141,0
Kyber-512,475,0.1358,0.0141,0
Kyber-512,476,0.1449,0.0143,0
Kyber-512,477,0.1394,0.0143,0
Kyber-512,478,0.1379,0.0139,0
Kyber-512,479,0.1379,0.0142,0
Kyber-512,480,0.1351,0.0192,0
Kyber-512,481,0.1695,0.0142,0
Kyber-512,482,0.1395,0.0139,0
Kyber-512,483,0.1392,0.0141,0
Kyber-512,484,0.1365,0.0143,0
Kyber-512,485,0.135,0.0143,0
Kyber-512,486,0.1366,0.0144,0
Kyber-512,487,0.1352,0.014,0
Kyber-512,488,0.1502,0.0141,0
Kyber-512,489,0.1368,0.0142,0
Kyber-512,490,0.1351,0.0143,0
Kyber-512,491,0.151,0.0138,0
Kyber-512,492,0.137,0.0143,0
Kyber-512,493,0.1353,0.0143,0
Kyber-512,494,0.1358,0.0142,0
Kyber-512,495,0.1508,0.0142,0
Kyber-512,496,0.1374,0.0141,0
Kyber-512,497,0.1364,0.0141,0
Kyber-512,498,0.1375,0.0144,0
Kyber-512,499,0.1374,0.0142,0
Kyber-512,500,0.137,0.0142,0
Kyber-512,501,0.1368,0.014,0
Kyber-512,502,0.1506,0.0148,0
Kyber-512,503,0.1401,0.0142,0
Kyber-512,504,0.1368,0.0142,0
Kyber-512,505,0.1468,0.0144,0
Kyber-512,506,0.1371,0.0141,0
Kyber-512,507,0.1363,0.0141,0
Kyber-512,508,0.1372,0.0145,0
Kyber-512,509,0.149,0.0141,0
Kyber-512,510,0.1438,0.0143,0
Kyber-512,511,0.1387,0.0141,0
Kyber-512,512,0.1375,0.0142,0
Kyber-512,513,0.1367,0.0142,0
Kyber-512,514,0.1348,0.0143,0
Kyber-512,515,0.1378,0.0142,0
Kyber-512,516,0.145,0.0141,0
Kyber-512,517,0.142,0.014,0
Kyber-512,518,0.1371,0.014,0
Kyber-512,519,0.147,0.014,0
Kyber-512,520,0.141,0.0141,0
Kyber-512,521,0.1387,0.014,0
Kyber-512,522,0.1375,0.0142,0
Kyber-512,523,0.1519,0.0148,0
Kyber-512,524,0.1448,0.0143,0
Kyber-512,525,0.1366,0.0143,0
Kyber-512,526,0.1372,0.0141,0
Kyber-512,527,0.1363,0.014,0
Kyber-512,528,0.135,0.0141,0
Kyber-512,529,0.1356,0.0148,0
Kyber-512,530,0.1363,0.0141,0
Kyber-512,531,0.1352,0.014,0
Kyber-512,532,0.1359,0.0142,0
Kyber-512,533,0.1367,0.0141,0
Kyber-512,534,0.209,0.0141,0
Kyber-512,535,0.1596,0.014,0
Kyber-512,536,0.1417,0.0141,0
Kyber-512,537,0.1571,0.014,0
Kyber-512,538,0.1456,0.0141,0
Kyber-512,539,0.139,0.0141,0
Kyber-512,540,0.1369,0.0143,0
Kyber-512,541,0.1364,0.0146,0
Kyber-512,542,0.1367,0.0144,0
Kyber-512,543,0.1387,0.0143,0
Kyber-512,544,0.1464,0.0141,0
Kyber-512,545,0.1424,0.0141,0
Kyber-512,546,0.1528,0.0142,0
Kyber-512,547,0.1528,0.0143,0
Kyber-512,548,0.1396,0.0143,0
Kyber-512,549,0.1458,0.0141,0
Kyber-512,550,0.2375,0.0143,0
Kyber-512,551,0.4076,0.0141,0
Kyber-512,552,0.1965,0.0141,0
Kyber-512,553,0.1726,0.0199,0
Kyber-512,554,0.1439,0.0141,0
Kyber-512,555,0.1753,0.0141,0
Kyber-512,556,0.1793,0.0147,0
Kyber-512,557,0.1782,0.0144,0
Kyber-512,558,0.1482,0.0144,0
Kyber-512,559,0.1439,0.0141,0
Kyber-512,560,0.1393,0.0142,0
Kyber-512,561,0.1376,0.0142,0
Kyber-512,562,0.1392,0.0144,0
Kyber-512,563,0.1397,0.0143,0
Kyber-512,564,0.1397,0.0141,0
Kyber-512,565,0.1382,0.0255,0
Kyber-512,566,0.1373,0.0142,0
Kyber-512,567,0.1386,0.0142,0
Kyber-512,568,0.1365,0.0142,0
Kyber-512,569,0.1379,0.0143,0
Kyber-512,570,0.1369,0.0143,0
Kyber-512,571,0.146,0.014,0
Kyber-512,572,0.1387,0.0141,0
Kyber-512,573,0.1377,0.0145,0
Kyber-512,574,0.1373,0.0142,0
Kyber-512,575,0.1348,0.0142,0
Kyber-512,576,0.1378,0.0142,0
Kyber-512,577,0.1352,0.0142,0
Kyber-512,578,0.1365,0.0143,0
Kyber-512,579,0.1382,0.0142,0
Kyber-512,580,0.1373,0.0142,0
Kyber-512,581,0.1354,0.0142,0
Kyber-512,582,0.134,0.014,0
Kyber-512,583,0.1349,0.0142,0
Kyber-512,584,0.1369,0.0143,0
Kyber-512,585,0.1908,0.0142,0
Kyber-512,586,0.1889,0.0141,0
Kyber-512,587,0.1521,0.0143,0
Kyber-512,588,0.1396,0.0143,0
Kyber-512,589,0.1395,0.0142,0
Kyber-512,590,0.1373,0.0143,0
Kyber-512,591,0.1364,0.0142,0
Kyber-512,592,0.1544,0.0141,0
Kyber-512,593,0.1423,0.0141,0
Kyber-512,594,0.1383,0.0143,0
Kyber-512,595,0.1361,0.0144,0
Kyber-512,596,0.1369,0.0142,0
Kyber-512,597,0.1374,0.0143,0
Kyber-512,598,0.1346,0.0143,0
Kyber-512,599,0.1434,0.0141,0
Kyber-512,600,0.1392,0.014,0
Kyber-512,601,0.1358,0.0151,0
Kyber-512,602,0.1361,0.0233,0
Kyber-512,603,0.1375,0.0156,0
Kyber-512,604,0.1357,0.0145,0
Kyber-512,605,0.1377,0.0143,0
Kyber-512,606,0.1359,0.0141,0
Kyber-512,607,0.1367,0.014,0
Kyber-512,608,0.1367,0.014,0
Kyber-512,609,0.1356,0.0141,0
Kyber-512,610,0.1353,0.0141,0
Kyber-512,611,0.1341,0.0143,0
Kyber-512,612,0.1377,0.0143,0
Kyber-512,613,0.1355,0.0142,0
Kyber-512,614,0.1473,0.0143,0
Kyber-512,615,0.1383,0.0147,0
Kyber-512,616,0.1363,0.0141,0
Kyber-512,617,0.1354,0.0141,0
Kyber-512,618,0.1368,0.0141,0
Kyber-512,619,0.1365,0.0141,0
Kyber-512,620,0.1372,0.0142,0
Kyber-512,621,0.1353,0.0145,0
Kyber-512,622,0.1359,0.014,0
Kyber-512,623,0.1356,0.0142,0
Kyber-512,624,0.1352,0.0144,0
Kyber-512,625,0.1359,0.0142,0
Kyber-512,626,0.1357,0.014,0
Kyber-512,627,0.1369,0.0142,0
Kyber-512,628,0.1338,0.0139,0
Kyber-512,629,0.1482,0.0142,0
Kyber-512,630,0.1352,0.014,0
Kyber-512,631,0.1374,0.0141,0
Kyber-512,632,0.1358,0.0143,0
Kyber-512,633,0.1362,0.0143,0
Kyber-512,634,0.135,0.0141,0
Kyber-512,635,0.1708,0.0141,0
Kyber-512,636,0.1399,0.0142,0
Kyber-512,637,0.1369,0.0143,0
Kyber-512,638,0.1353,0.0144,0
Kyber-512,639,0.1348,0.0141,0
Kyber-512,640,0.1355,0.0141,0
Kyber-512,641,0.1361,0.0142,0
Kyber-512,642,0.1347,0.0149,0
Kyber-512,643,0.1444,0.0141,0
Kyber-512,644,0.136,0.0143,0
Kyber-512,645,0.136,0.0142,0
Kyber-512,646,0.1347,0.0143,0
Kyber-512,647,0.1349,0.0141,0
Kyber-512,648,0.1361,0.0144,0
Kyber-512,649,0.1352,0.0145,0
Kyber-512,650,0.1364,0.0139,0
Kyber-512,651,0.1345,0.0142,0
Kyber-512,652,0.1357,0.0141,0
Kyber-512,653,0.1354,0.0144,0
Kyber-512,654,0.1351,0.0143,0
Kyber-512,655,0.136,0.0143,0
Kyber-512,656,0.1357,0.0141,0
Kyber-512,657,0.1345,0.0144,0
Kyber-512,658,0.1467,0.0141,0
Kyber-512,659,0.1361,0.0143,0
Kyber-512,660,0.1416,0.0218,0
Kyber-512,661,0.137,0.0145,0
Kyber-512,662,0.1356,0.0141,0
Kyber-512,663,0.1369,0.0142,0
Kyber-512,664,0.1337,0.0141,0
Kyber-512,665,0.134,0.0141,0
Kyber-512,666,0.1353,0.0298,0
Kyber-512,667,0.1356,0.0144,0
Kyber-512,668,0.1356,0.0142,0
Kyber-512,669,0.136,0.0144,0
Kyber-512,670,0.1356,0.0143,0
Kyber-512,671,0.1357,0.0141,0
Kyber-512,672,0.1449,0.0143,0
Kyber-512,673,0.1392,0.0143,0
Kyber-512,674,0.1354,0.0139,0
Kyber-512,675,0.1345,0.0143,0
Kyber-512,676,0.1348,0.0144,0
Kyber-512,677,0.136,0.0142,0
Kyber-512,678,0.1352,0.0142,0
Kyber-512,679,0.1357,0.0143,0
Kyber-512,680,0.1356,0.014,0
Kyber-512,681,0.138,0.0142,0
Kyber-512,682,0.1358,0.0143,0
Kyber-512,683,0.1356,0.0141,0
Kyber-512,684,0.1345,0.0142,0
Kyber-512,685,0.1364,0.0144,0
Kyber-512,686,0.1351,0.014,0
Kyber-512,687,0.1453,0.014,0
Kyber-512,688,0.1364,0.014,0
Kyber-512,689,0.1359,0.0143,0
Kyber-512,690,0.1351,0.014,0
Kyber-512,691,0.1349,0.0145,0
Kyber-512,692,0.1359,0.0143,0
Kyber-512,693,0.1353,0.0141,0
Kyber-512,694,0.1352,0.0341,0
Kyber-512,695,0.1341,0.0198,0
Kyber-512,696,0.1346,0.0204,0
Kyber-512,697,0.1365,0.0186,0
Kyber-512,698,0.1368,0.0179,0
Kyber-512,699,0.1352,0.0178,0
Kyber-512,700,0.1363,0.0193,0
Kyber-512,701,0.1362,0.0169,0
Kyber-512,702,0.1475,0.0148,0
Kyber-512,703,0.136,0.0155,0
Kyber-512,704,0.1339,0.0147,0
Kyber-512,705,0.1352,0.0145,0
Kyber-512,706,0.1363,0.0147,0
Kyber-512,707,0.136,0.0144,0
Kyber-512,708,0.1349,0.0141,0
Kyber-512,709,0.1344,0.0143,0
Kyber-512,710,0.1355,0.0145,0
Kyber-512,711,0.1346,0.0145,0
Kyber-512,712,0.1354,0.0141,0
Kyber-512,713,0.1354,0.0143,0
Kyber-512,714,0.1366,0.0144,0
Kyber-512,715,0.1357,0.0143,0
Kyber-512,716,0.1444,0.0145,0
Kyber-512,717,0.1395,0.0143,0
Kyber-512,718,0.1344,0.0142,0
Kyber-512,719,0.1369,0.0142,0
Kyber-512,720,0.1337,0.0143,0
Kyber-512,721,0.1365,0.0178,0
Kyber-512,722,0.1339,0.0338,0
Kyber-512,723,0.1345,0.0195,0
Kyber-512,724,0.1355,0.0181,0
Kyber-512,725,0.1361,0.0178,0
Kyber-512,726,0.1331,0.017,0
Kyber-512,727,0.134,0.0173,0
Kyber-512,728,0.1339,0.0163,0
Kyber-512,729,0.1354,0.0148,0
Kyber-512,730,0.1348,0.0147,0
Kyber-512,731,0.1438,0.0144,0
Kyber-512,732,0.1366,0.0145,0
Kyber-512,733,0.1362,0.0145,0
Kyber-512,734,0.135,0.0141,0
Kyber-512,735,0.1357,0.0142,0
Kyber-512,736,0.1362,0.0141,0
Kyber-512,737,0.1347,0.0142,0
Kyber-512,738,0.1333,0.0139,0
Kyber-512,739,0.1352,0.0142,0
Kyber-512,740,0.1346,0.0141,0
Kyber-512,741,0.1343,0.014,0
Kyber-512,742,0.1349,0.0141,0
Kyber-512,743,0.1359,0.0139,0
Kyber-512,744,0.1369,0.0139,0
Kyber-512,745,0.1353,0.0138,0
Kyber-512,746,0.1583,0.014,0
Kyber-512,747,0.1369,0.0141,0
Kyber-512,748,0.1372,0.0141,0
Kyber-512,749,0.1367,0.0139,0
Kyber-512,750,0.1357,0.0141,0
Kyber-512,751,0.1431,0.0143,0
Kyber-512,752,0.1451,0.014,0
Kyber-512,753,0.1354,0.0139,0
Kyber-512,754,0.1363,0.0145,0
Kyber-512,755,0.1355,0.014,0
Kyber-512,756,0.1329,0.0146,0
Kyber-512,757,0.1354,0.0141,0
Kyber-512,758,0.1357,0.014,0
Kyber-512,759,0.15,0.0144,0
Kyber-512,760,0.1438,0.0141,0
Kyber-512,761,0.1379,0.0141,0
Kyber-512,762,0.1355,0.0145,0
Kyber-512,763,0.1366,0.0139,0
Kyber-512,764,0.1351,0.0143,0
Kyber-512,765,0.1348,0.0139,0
Kyber-512,766,0.1349,0.0139,0
Kyber-512,767,0.137,0.014,0
Kyber-512,768,0.1368,0.014,0
Kyber-512,769,0.136,0.0142,0
Kyber-512,770,0.1348,0.0139,0
Kyber-512,771,0.1362,0.014,0
Kyber-512,772,0.1361,0.0142,0
Kyber-512,773,0.1359,0.0141,0
Kyber-512,774,0.1355,0.0143,0
Kyber-512,775,0.1463,0.0139,0
Kyber-512,776,0.1358,0.0141,0
Kyber-512,777,0.1352,0.0145,0
Kyber-512,778,0.1367,0.0143,0
Kyber-512,779,0.1359,0.0147,0
Kyber-512,780,0.1352,0.0144,0
Kyber-512,781,0.1369,0.014,0
Kyber-512,782,0.1358,0.014,0
Kyber-512,783,0.1365,0.014,0
Kyber-512,784,0.1354,0.014,0
Kyber-512,785,0.1345,0.0141,0
Kyber-512,786,0.1334,0.014,0
Kyber-512,787,0.1351,0.0141,0
Kyber-512,788,0.1413,0.0142,0
Kyber-512,789,0.1447,0.0141,0
Kyber-512,790,0.1393,0.0143,0
Kyber-512,791,0.1351,0.0139,0
Kyber-512,792,0.1351,0.0144,0
Kyber-512,793,0.1353,0.0143,0
Kyber-512,794,0.1353,0.0142,0
Kyber-512,795,0.1364,0.0143,0
Kyber-512,796,0.1339,0.0141,0
Kyber-512,797,0.1351,0.0143,0
Kyber-512,798,0.1343,0.0141,0
Kyber-512,799,0.135,0.0142,0
Kyber-512,800,0.1357,0.0142,0
Kyber-512,801,0.1361,0.0141,0
Kyber-512,802,0.1341,0.0142,0
Kyber-512,803,0.1462,0.0149,0
Kyber-512,804,0.1498,0.0141,0
Kyber-512,805,0.1371,0.0141,0
Kyber-512,806,0.1375,0.014,0
Kyber-512,807,0.1369,0.0145,0
Kyber-512,808,0.1375,0.0143,0
Kyber-512,809,0.135,0.014,0
Kyber-512,810,0.1352,0.0141,0
Kyber-512,811,0.1357,0.014,0
Kyber-512,812,0.1812,0.0142,0
Kyber-512,813,0.1637,0.0141,0
Kyber-512,814,0.1418,0.0143,0
Kyber-512,815,0.141,0.0141,0
Kyber-512,816,0.1403,0.0141,0
Kyber-512,817,0.137,0.0141,0
Kyber-512,818,0.1497,0.0142,0
Kyber-512,819,0.1572,0.0141,0
Kyber-512,820,0.1431,0.0139,0
Kyber-512,821,0.1381,0.0141,0
Kyber-512,822,0.1363,0.014,0
Kyber-512,823,0.1345,0.0141,0
Kyber-512,824,0.135,0.0141,0
Kyber-512,825,0.1366,0.0142,0
Kyber-512,826,0.1347,0.0141,0
Kyber-512,827,0.1347,0.0145,0
Kyber-512,828,0.1375,0.0142,0
Kyber-512,829,0.1373,0.0139,0
Kyber-512,830,0.1357,0.014,0
Kyber-512,831,0.1374,0.0143,0
Kyber-512,832,0.1451,0.014,0
Kyber-512,833,0.1403,0.014,0
Kyber-512,834,0.1371,0.0141,0
Kyber-512,835,0.1366,0.0141,0
Kyber-512,836,0.1363,0.0141,0
Kyber-512,837,0.1372,0.0141,0
Kyber-512,838,0.1362,0.0142,0
Kyber-512,839,0.1387,0.0142,0
Kyber-512,840,0.1353,0.0142,0
Kyber-512,841,0.1375,0.014,0
Kyber-512,842,0.1384,0.0143,0
Kyber-512,843,0.1349,0.0139,0
Kyber-512,844,0.1354,0.0142,0
Kyber-512,845,0.1359,0.0143,0
Kyber-512,846,0.135,0.0143,0
Kyber-512,847,0.1515,0.0142,0
Kyber-512,848,0.1698,0.0142,0
Kyber-512,849,0.1416,0.014,0
Kyber-512,850,0.1363,0.0141,0
Kyber-512,851,0.137,0.0207,0
Kyber-512,852,0.1366,0.0143,0
Kyber-512,853,0.1358,0.0141,0
Kyber-512,854,0.1338,0.0143,0
Kyber-512,855,0.1367,0.014,0
Kyber-512,856,0.1356,0.0143,0
Kyber-512,857,0.1347,0.0141,0
Kyber-512,858,0.1472,0.0142,0
Kyber-512,859,0.1346,0.0143,0
Kyber-512,860,0.1351,0.0145,0
Kyber-512,861,0.1446,0.0142,0
Kyber-512,862,0.1384,0.0141,0
Kyber-512,863,0.1377,0.0143,0
Kyber-512,864,0.1354,0.0142,0
Kyber-512,865,0.1358,0.0141,0
Kyber-512,866,0.1358,0.0142,0
Kyber-512,867,0.1365,0.0142,0
Kyber-512,868,0.1365,0.0157,0
Kyber-512,869,0.1374,0.0139,0
Kyber-512,870,0.1376,0.0143,0
Kyber-512,871,0.1358,0.0141,0
Kyber-512,872,0.1344,0.0142,0
Kyber-512,873,0.1343,0.0143,0
Kyber-512,874,0.1339,0.0143,0
Kyber-512,875,0.136,0.0142,0
Kyber-512,876,0.1467,0.0146,0
Kyber-512,877,0.1346,0.0144,0
Kyber-512,878,0.1366,0.0141,0
Kyber-512,879,0.1358,0.0142,0
Kyber-512,880,0.1354,0.0142,0
Kyber-512,881,0.1362,0.0141,0
Kyber-512,882,0.136,0.0142,0
Kyber-512,883,0.1351,0.0146,0
Kyber-512,884,0.1342,0.014,0
Kyber-512,885,0.1345,0.0142,0
Kyber-512,886,0.1372,0.0141,0
Kyber-512,887,0.1366,0.0143,0
Kyber-512,888,0.1356,0.0139,0
Kyber-512,889,0.1362,0.0142,0
Kyber-512,890,0.1429,0.0141,0
Kyber-512,891,0.1384,0.0141,0
Kyber-512,892,0.1353,0.014,0
Kyber-512,893,0.1361,0.0139,0
Kyber-512,894,0.1354,0.0141,0
Kyber-512,895,0.1363,0.0142,0
Kyber-512,896,0.1363,0.0141,0
Kyber-512,897,0.1361,0.0143,0
Kyber-512,898,0.1359,0.014,0
Kyber-512,899,0.1365,0.0141,0
Kyber-512,900,0.1347,0.0205,0
Kyber-512,901,0.1337,0.0241,0
Kyber-512,902,0.1352,0.0142,0
Kyber-512,903,0.1355,0.0141,0
Kyber-512,904,0.1346,0.0139,0
Kyber-512,905,0.1448,0.0138,0
Kyber-512,906,0.1366,0.0138,0
Kyber-512,907,0.1348,0.0139,0
Kyber-512,908,0.1342,0.0139,0
Kyber-512,909,0.1419,0.014,0
Kyber-512,910,0.1367,0.0142,0
Kyber-512,911,0.1373,0.0141,0
Kyber-512,912,0.1494,0.0145,0
Kyber-512,913,0.1363,0.0143,0
Kyber-512,914,0.1503,0.0141,0
Kyber-512,915,0.1369,0.0142,0
Kyber-512,916,0.1388,0.0143,0
Kyber-512,917,0.1361,0.0138,0
Kyber-512,918,0.1349,0.0142,0
Kyber-512,919,0.1649,0.0138,0
Kyber-512,920,0.14,0.0142,0
Kyber-512,921,0.1498,0.0141,0
Kyber-512,922,0.1347,0.014,0
Kyber-512,923,0.1342,0.0142,0
Kyber-512,924,0.1346,0.0209,0
Kyber-512,925,0.1445,0.0142,0
Kyber-512,926,0.1332,0.0139,0
Kyber-512,927,0.1367,0.0142,0
Kyber-512,928,0.1357,0.014,0
Kyber-512,929,0.1348,0.0141,0
Kyber-512,930,0.1357,0.014,0
Kyber-512,931,0.1372,0.0142,0
Kyber-512,932,0.1346,0.0141,0
Kyber-512,933,0.1348,0.0141,0
Kyber-512,934,0.1451,0.0144,0
Kyber-512,935,0.135,0.0142,0
Kyber-512,936,0.1345,0.014,0
Kyber-512,937,0.1356,0.0141,0
Kyber-512,938,0.1344,0.0141,0
Kyber-512,939,0.1352,0.0142,0
Kyber-512,940,0.1443,0.0142,0
Kyber-512,941,0.1346,0.0142,0
Kyber-512,942,0.1342,0.0139,0
Kyber-512,943,0.136,0.0141,0
Kyber-512,944,0.1353,0.0141,0
Kyber-512,945,0.1363,0.014,0
Kyber-512,946,0.135,0.014,0
Kyber-512,947,0.1342,0.0141,0
Kyber-512,948,0.1442,0.0142,0
Kyber-512,949,0.1377,0.0144,0
Kyber-512,950,0.1349,0.0141,0
Kyber-512,951,0.1355,0.0144,0
Kyber-512,952,0.134,0.0142,0
Kyber-512,953,0.1363,0.0141,0
Kyber-512,954,0.1364,0.0143,0
Kyber-512,955,0.137,0.0143,0
Kyber-512,956,0.1357,0.0143,0
Kyber-512,957,0.1358,0.014,0
Kyber-512,958,0.1442,0.0144,0
Kyber-512,959,0.1358,0.014,0
Kyber-512,960,0.1344,0.0144,0
Kyber-512,961,0.1358,0.0141,0
Kyber-512,962,0.1465,0.0141,0
Kyber-512,963,0.1473,0.0141,0
Kyber-512,964,0.1366,0.0139,0
Kyber-512,965,0.137,0.0141,0
Kyber-512,966,0.1363,0.0142,0
Kyber-512,967,0.1368,0.0142,0
Kyber-512,968,0.1356,0.014,0
Kyber-512,969,0.1356,0.0143,0
Kyber-512,970,0.1366,0.0139,0
Kyber-512,971,0.1354,0.0141,0
Kyber-512,972,0.135,0.0146,0
Kyber-512,973,0.1366,0.0143,0
Kyber-512,974,0.1356,0.0145,0
Kyber-512,975,0.136,0.0146,0
Kyber-512,976,0.1351,0.0143,0
Kyber-512,977,0.1431,0.0143,0
Kyber-512,978,0.1402,0.0144,0
Kyber-512,979,0.1357,0.0141,0
Kyber-512,980,0.1374,0.0141,0
Kyber-512,981,0.1363,0.014,0
Kyber-512,982,0.1367,0.0142,0
Kyber-512,983,0.1364,0.0142,0
Kyber-512,984,0.1356,0.015,0
Kyber-512,985,0.1364,0.0141,0
Kyber-512,986,0.1338,0.0143,0
Kyber-512,987,0.1342,0.0142,0
Kyber-512,988,0.1356,0.0156,0
Kyber-512,989,0.1349,0.0144,0
Kyber-512,990,0.1357,0.0143,0
Kyber-512,991,0.1359,0.0141,0
Kyber-512,992,0.1452,0.0142,0
Kyber-512,993,0.1375,0.014,0
Kyber-512,994,0.1363,0.0144,0
Kyber-512,995,0.1335,0.0173,0
Kyber-512,996,0.1346,0.0146,0
Kyber-512,997,0.1357,0.0148,0
Kyber-512,998,0.1354,0.0145,0
Kyber-512,999,0.1354,0.0142,0
Kyber-768,0,0.2739,0.0272,0
Kyber-768,1,0.2141,0.0183,0
Kyber-768,2,0.2046,0.0183,0
Kyber-768,3,0.1975,0.0181,0
Kyber-768,4,0.242,0.0175,0
Kyber-768,5,0.1735,0.0178,0
Kyber-768,6,0.1668,0.0181,0
Kyber-768,7,0.1727,0.0189,0
Kyber-768,8,0.1638,0.0141,0
Kyber-768,9,0.1585,0.0141,0
Kyber-768,10,0.1555,0.0145,0
Kyber-768,11,0.1553,0.0143,0
Kyber-768,12,0.1545,0.0139,0
Kyber-768,13,0.1557,0.0183,0
Kyber-768,14,0.1539,0.0153,0
Kyber-768,15,0.1531,0.0152,0
Kyber-768,16,0.1539,0.015,0
Kyber-768,17,0.1522,0.0144,0
Kyber-768,18,0.1508,0.0144,0
Kyber-768,19,0.1521,0.0144,0
Kyber-768,20,0.1591,0.0142,0
Kyber-768,21,0.1547,0.0141,0
Kyber-768,22,0.1533,0.0141,0
Kyber-768,23,0.1507,0.0143,0
Kyber-768,24,0.1478,0.0142,0
Kyber-768,25,0.1512,0.0152,0
Kyber-768,26,0.1495,0.0146,0
Kyber-768,27,0.1486,0.0142,0
Kyber-768,28,0.1611,0.014,0
Kyber-768,29,0.1514,0.0143,0
Kyber-768,30,0.1519,0.0143,0
Kyber-768,31,0.151,0.0141,0
Kyber-768,32,0.1485,0.0144,0
Kyber-768,33,0.1571,0.0141,0
Kyber-768,34,0.151,0.0141,0
Kyber-768,35,0.1511,0.0148,0
Kyber-768,36,0.1512,0.0144,0
Kyber-768,37,0.1495,0.0142,0
Kyber-768,38,0.1477,0.0138,0
Kyber-768,39,0.15,0.0142,0
Kyber-768,40,0.1479,0.0141,0
Kyber-768,41,0.1482,0.0143,0
Kyber-768,42,0.1459,0.0143,0
Kyber-768,43,0.1501,0.014,0
Kyber-768,44,0.1471,0.014,0
Kyber-768,45,0.1484,0.0153,0
Kyber-768,46,0.1486,0.0146,0
Kyber-768,47,0.1624,0.0143,0
Kyber-768,48,0.1487,0.0143,0
Kyber-768,49,0.1501,0.0236,0
Kyber-768,50,0.1473,0.0163,0
Kyber-768,51,0.1464,0.0144,0
Kyber-768,52,0.1481,0.0143,0
Kyber-768,53,0.1466,0.0141,0
Kyber-768,54,0.1468,0.0139,0
Kyber-768,55,0.1485,0.0144,0
Kyber-768,56,0.1486,0.0141,0
Kyber-768,57,0.148,0.0142,0
Kyber-768,58,0.147,0.0144,0
Kyber-768,59,0.1503,0.0146,0
Kyber-768,60,0.1573,0.0142,0
Kyber-768,61,0.1505,0.0142,0
Kyber-768,62,0.1485,0.0142,0
Kyber-768,63,0.1479,0.0141,0
Kyber-768,64,0.1501,0.0141,0
Kyber-768,65,0.2105,0.0141,0
Kyber-768,66,0.1595,0.0145,0
Kyber-768,67,0.1546,0.0142,0
Kyber-768,68,0.152,0.0142,0
Kyber-768,69,0.1505,0.0178,0
Kyber-768,70,0.1507,0.0146,0
Kyber-768,71,0.1504,0.014,0
Kyber-768,72,0.1547,0.0145,0
Kyber-768,73,0.1654,0.0182,0
Kyber-768,74,0.1514,0.0144,0
Kyber-768,75,0.1759,0.0144,0
Kyber-768,76,0.1497,0.0143,0
Kyber-768,77,0.1503,0.0141,0
Kyber-768,78,0.1516,0.014,0
Kyber-768,79,0.1514,0.0152,0
Kyber-768,80,0.1493,0.0143,0
Kyber-768,81,0.1502,0.0143,0
Kyber-768,82,0.1485,0.014,0
Kyber-768,83,0.1498,0.0142,0
Kyber-768,84,0.2092,0.0141,0
Kyber-768,85,0.1578,0.0141,0
Kyber-768,86,0.1847,0.0146,0
Kyber-768,87,0.1578,0.0143,0
Kyber-768,88,0.152,0.0144,0
Kyber-768,89,0.1507,0.0147,0
Kyber-768,90,0.1511,0.0144,0
Kyber-768,91,0.15,0.0142,0
Kyber-768,92,0.1506,0.0143,0
Kyber-768,93,0.1508,0.0141,0
Kyber-768,94,0.1508,0.0144,0
Kyber-768,95,0.2983,0.0144,0
Kyber-768,96,0.2108,0.0144,0
Kyber-768,97,0.1708,0.014,0
Kyber-768,98,0.1537,0.0142,0
Kyber-768,99,0.1537,0.0149,0
Kyber-768,100,0.1675,0.0144,0
Kyber-768,101,0.1549,0.0144,0
Kyber-768,102,0.1492,0.0143,0
Kyber-768,103,0.1497,0.0141,0
Kyber-768,104,0.151,0.0141,0
Kyber-768,105,0.1519,0.0141,0
Kyber-768,106,0.1504,0.0143,0
Kyber-768,107,0.1505,0.0145,0
Kyber-768,108,0.1485,0.0142,0
Kyber-768,109,0.1503,0.0173,0
Kyber-768,110,0.1626,0.0144,0
Kyber-768,111,0.2403,0.014,0
Kyber-768,112,0.2517,0.0142,0
Kyber-768,113,0.3501,0.0142,0
Kyber-768,114,0.23,0.0141,0
Kyber-768,115,0.2418,0.0144,0
Kyber-768,116,0.2325,0.0141,0
Kyber-768,117,0.156,0.0141,0
Kyber-768,118,0.1518,0.0141,0
Kyber-768,119,0.1681,0.0201,0
Kyber-768,120,0.1533,0.0143,0
Kyber-768,121,0.1508,0.0143,0
Kyber-768,122,0.2088,0.0144,0
Kyber-768,123,0.1541,0.0141,0
Kyber-768,124,0.1492,0.0143,0
Kyber-768,125,0.1504,0.0142,0
Kyber-768,126,0.1487,0.0143,0
Kyber-768,127,0.1482,0.0143,0
Kyber-768,128,0.1501,0.0142,0
Kyber-768,129,0.1495,0.0143,0
Kyber-768,130,0.15,0.0149,0
Kyber-768,131,0.1492,0.0143,0
Kyber-768,132,0.1594,0.0139,0
Kyber-768,133,0.1509,0.0142,0
Kyber-768,134,0.1508,0.0142,0
Kyber-768,135,0.1506,0.0219,0
Kyber-768,136,0.149,0.0142,0
Kyber-768,137,0.1488,0.0141,0
Kyber-768,138,0.1481,0.0143,0
Kyber-768,139,0.1476,0.0143,0
Kyber-768,140,0.1496,0.014,0
Kyber-768,141,0.1493,0.0143,0
Kyber-768,142,0.1488,0.0142,0
Kyber-768,143,0.15,0.014,0
Kyber-768,144,0.1484,0.0143,0
Kyber-768,145,0.1574,0.0148,0
Kyber-768,146,0.1529,0.0145,0
Kyber-768,147,0.1499,0.014,0
Kyber-768,148,0.1487,0.014,0
Kyber-768,149,0.1492,0.014,0
Kyber-768,150,0.1479,0.0173,0
Kyber-768,151,0.1483,0.0163,0
Kyber-768,152,0.1491,0.0159,0
Kyber-768,153,0.1497,0.0142,0
Kyber-768,154,0.172,0.0146,0
Kyber-768,155,0.1641,0.0142,0
Kyber-768,156,0.1518,0.0142,0
Kyber-768,157,0.1489,0.0142,0
Kyber-768,158,0.2095,0.0142,0
Kyber-768,159,0.1604,0.0152,0
Kyber-768,160,0.1517,0.0152,0
Kyber-768,161,0.2062,0.0146,0
Kyber-768,162,0.2391,0.0144,0
Kyber-768,163,0.2356,0.0148,0
Kyber-768,164,0.2387,0.0143,0
Kyber-768,165,0.4884,0.0163,0
Kyber-768,166,0.2812,0.0147,0
Kyber-768,167,0.249,0.0144,0
Kyber-768,168,0.2383,0.0141,0
Kyber-768,169,0.2007,0.0146,0
Kyber-768,170,0.1586,0.0141,0
Kyber-768,171,0.1569,0.0141,0
Kyber-768,172,0.1546,0.0141,0
Kyber-768,173,0.1532,0.0143,0
Kyber-768,174,0.1527,0.0147,0
Kyber-768,175,0.153,0.015,0
Kyber-768,176,0.1662,0.0143,0
Kyber-768,177,0.1528,0.014,0
Kyber-768,178,0.226,0.0141,0
Kyber-768,179,0.1619,0.0143,0
Kyber-768,180,0.1516,0.0142,0
Kyber-768,181,0.1503,0.0142,0
Kyber-768,182,0.1507,0.0142,0
Kyber-768,183,0.1516,0.0141,0
Kyber-768,184,0.1935,0.0144,0
Kyber-768,185,0.2156,0.015,0
Kyber-768,186,0.1601,0.0143,0
Kyber-768,187,0.1552,0.0143,0
Kyber-768,188,0.1705,0.0142,0
Kyber-768,189,0.1518,0.0141,0
Kyber-768,190,0.1563,0.0144,0
Kyber-768,191,0.1671,0.0141,0
Kyber-768,192,0.1567,0.0144,0
Kyber-768,193,0.1512,0.0143,0
Kyber-768,194,0.1762,0.0176,0
Kyber-768,195,0.1631,0.0146,0
Kyber-768,196,0.1568,0.0142,0
Kyber-768,197,0.1524,0.0143,0
Kyber-768,198,0.1512,0.0141,0
Kyber-768,199,0.1514,0.0143,0
Kyber-768,200,0.2287,0.0142,0
Kyber-768,201,0.1866,0.0141,0
Kyber-768,202,0.1561,0.0142,0
Kyber-768,203,0.1526,0.0143,0
Kyber-768,204,0.1908,0.0204,0
Kyber-768,205,0.1809,0.0148,0
Kyber-768,206,0.1534,0.0144,0
Kyber-768,207,0.1505,0.0142,0
Kyber-768,208,0.1736,0.0142,0
Kyber-768,209,0.1725,0.0143,0
Kyber-768,210,0.1691,0.0143,0
Kyber-768,211,0.1591,0.0144,0
Kyber-768,212,0.1657,0.0144,0
Kyber-768,213,0.1514,0.0147,0
Kyber-768,214,0.1502,0.0151,0
Kyber-768,215,0.1513,0.0142,0
Kyber-768,216,0.1486,0.0143,0
Kyber-768,217,0.1486,0.0143,0
Kyber-768,218,0.1485,0.014,0
Kyber-768,219,0.1508,0.0141,0
Kyber-768,220,0.2469,0.0144,0
Kyber-768,221,0.2093,0.0143,0
Kyber-768,222,0.1618,0.0142,0
Kyber-768,223,0.1535,0.0143,0
Kyber-768,224,0.1668,0.0208,0
Kyber-768,225,0.1546,0.0145,0
Kyber-768,226,0.1661,0.0144,0
Kyber-768,227,0.156,0.0143,0
Kyber-768,228,0.1512,0.0142,0
Kyber-768,229,0.1511,0.0142,0
Kyber-768,230,0.1502,0.0142,0
Kyber-768,231,0.1511,0.0143,0
Kyber-768,232,0.1506,0.0144,0
Kyber-768,233,0.151,0.0142,0
Kyber-768,234,0.1493,0.0143,0
Kyber-768,235,0.1504,0.0143,0
Kyber-768,236,0.1496,0.0142,0
Kyber-768,237,0.1628,0.0143,0
Kyber-768,238,0.1528,0.0143,0
Kyber-768,239,0.1495,0.0142,0
Kyber-768,240,0.1888,0.015,0
Kyber-768,241,0.2562,0.0145,0
Kyber-768,242,0.1661,0.0141,0
Kyber-768,243,0.1543,0.0141,0
Kyber-768,244,0.1533,0.0145,0
Kyber-768,245,0.1929,0.0142,0
Kyber-768,246,0.3114,0.0143,0
Kyber-768,247,0.2083,0.0142,0
Kyber-768,248,0.1652,0.0141,0
Kyber-768,249,0.159,0.0143,0
Kyber-768,250,0.1545,0.015,0
Kyber-768,251,0.1802,0.0145,0
Kyber-768,252,0.1817,0.0142,0
Kyber-768,253,0.1631,0.0142,0
Kyber-768,254,0.1514,0.0145,0
Kyber-768,255,0.264,0.014,0
Kyber-768,256,0.3265,0.014,0
Kyber-768,257,0.2025,0.0141,0
Kyber-768,258,0.1887,0.0145,0
Kyber-768,259,0.216,0.0141,0
Kyber-768,260,0.1877,0.0174,0
Kyber-768,261,0.2563,0.0144,0
Kyber-768,262,0.2605,0.0143,0
Kyber-768,263,0.2536,0.0146,0
Kyber-768,264,0.2521,0.0143,0
Kyber-768,265,0.1892,0.0142,0
Kyber-768,266,0.1547,0.0142,0
Kyber-768,267,0.1528,0.0143,0
Kyber-768,268,0.1527,0.0143,0
Kyber-768,269,0.1545,0.0171,0
Kyber-768,270,0.1513,0.0173,0
Kyber-768,271,0.1589,0.0146,0
Kyber-768,272,0.1541,0.0146,0
Kyber-768,273,0.1509,0.0228,0
Kyber-768,274,0.1502,0.0147,0
Kyber-768,275,0.1514,0.0143,0
Kyber-768,276,0.1476,0.014,0
Kyber-768,277,0.1489,0.0142,0
Kyber-768,278,0.1639,0.0142,0
Kyber-768,279,0.207,0.0146,0
Kyber-768,280,0.39,0.0146,0
Kyber-768,281,0.6155,0.0141,0
Kyber-768,282,0.2549,0.0142,0
Kyber-768,283,0.288,0.0141,0
Kyber-768,284,0.2633,0.0143,0
Kyber-768,285,0.2775,0.0143,0
Kyber-768,286,0.2586,0.0143,0
Kyber-768,287,0.2681,0.0142,0
Kyber-768,288,0.2527,0.0141,0
Kyber-768,289,0.2783,0.0142,0
Kyber-768,290,0.2408,0.015,0
Kyber-768,291,0.2508,0.0145,0
Kyber-768,292,0.2507,0.0141,0
Kyber-768,293,0.1951,0.0142,0
Kyber-768,294,0.1573,0.0146,0
Kyber-768,295,0.1536,0.0143,0
Kyber-768,296,0.1541,0.0142,0
Kyber-768,297,0.1789,0.0142,0
Kyber-768,298,0.1967,0.0141,0
Kyber-768,299,0.1617,0.0141,0
Kyber-768,300,0.2235,0.0181,0
Kyber-768,301,0.1793,0.0147,0
Kyber-768,302,0.1553,0.0142,0
Kyber-768,303,0.1876,0.0143,0
Kyber-768,304,0.1577,0.0142,0
Kyber-768,305,0.1512,0.0141,0
Kyber-768,306,0.1778,0.0142,0
Kyber-768,307,0.1554,0.0141,0
Kyber-768,308,0.1518,0.0141,0
Kyber-768,309,0.1518,0.0142,0
Kyber-768,310,0.1512,0.0143,0
Kyber-768,311,0.151,0.0164,0
Kyber-768,312,0.1769,0.0148,0
Kyber-768,313,0.181,0.0248,0
Kyber-768,314,0.1537,0.0145,0
Kyber-768,315,0.15,0.0142,0
Kyber-768,316,0.1502,0.0143,0
Kyber-768,317,0.1525,0.0142,0
Kyber-768,318,0.2755,0.0142,0
Kyber-768,319,0.3695,0.0143,0
Kyber-768,320,0.185,0.0149,0
Kyber-768,321,0.1643,0.0143,0
Kyber-768,322,0.1619,0.0142,0
Kyber-768,323,0.2011,0.0144,0
Kyber-768,324,0.1631,0.0142,0
Kyber-768,325,0.1722,0.0141,0
Kyber-768,326,0.1606,0.0142,0
Kyber-768,327,0.1546,0.0142,0
Kyber-768,328,0.1521,0.0143,0
Kyber-768,329,0.1547,0.0144,0
Kyber-768,330,0.1539,0.0149,0
Kyber-768,331,0.1552,0.0144,0
Kyber-768,332,0.1567,0.0145,0
Kyber-768,333,0.2297,0.0221,0
Kyber-768,334,0.355,0.0145,0
Kyber-768,335,0.2557,0.0141,0
Kyber-768,336,0.1708,0.0141,0
Kyber-768,337,0.166,0.0141,0
Kyber-768,338,0.1743,0.0143,0
Kyber-768,339,0.1643,0.0145,0
Kyber-768,340,0.1592,0.0151,0
Kyber-768,341,0.1571,0.0145,0
Kyber-768,342,0.2796,0.0143,0
Kyber-768,343,0.3446,0.0141,0
Kyber-768,344,0.3454,0.0141,0
Kyber-768,345,0.3123,0.0142,0
Kyber-768,346,0.353,0.0142,0
Kyber-768,347,0.2482,0.0141,0
Kyber-768,348,0.2384,0.0144,0
Kyber-768,349,0.2542,0.014,0
Kyber-768,350,0.2513,0.0152,0
Kyber-768,351,0.2578,0.0146,0
Kyber-768,352,0.2063,0.0144,0
Kyber-768,353,0.2641,0.0144,0
Kyber-768,354,0.2239,0.0143,0
Kyber-768,355,0.1824,0.0142,0
Kyber-768,356,0.264,0.0141,0
Kyber-768,357,0.1912,0.0143,0
Kyber-768,358,0.1595,0.0142,0
Kyber-768,359,0.1563,0.0141,0
Kyber-768,360,0.2364,0.0172,0
Kyber-768,361,0.1726,0.0148,0
Kyber-768,362,0.1559,0.0141,0
Kyber-768,363,0.1543,0.0143,0
Kyber-768,364,0.1536,0.0142,0
Kyber-768,365,0.1628,0.0153,0
Kyber-768,366,0.1575,0.0149,0
Kyber-768,367,0.1536,0.0143,0
Kyber-768,368,0.1521,0.0143,0
Kyber-768,369,0.1537,0.0141,0
Kyber-768,370,0.1515,0.0143,0
Kyber-768,371,0.1526,0.0142,0
Kyber-768,372,0.1645,0.0221,0
Kyber-768,373,0.1522,0.0145,0
Kyber-768,374,0.1527,0.0144,0
Kyber-768,375,0.1535,0.0141,0
Kyber-768,376,0.1529,0.0147,0
Kyber-768,377,0.1531,0.0143,0
Kyber-768,378,0.1607,0.0143,0
Kyber-768,379,0.155,0.0144,0
Kyber-768,380,0.1494,0.0143,0
Kyber-768,381,0.1537,0.0143,0
Kyber-768,382,0.1518,0.0143,0
Kyber-768,383,0.1526,0.0143,0
Kyber-768,384,0.1513,0.0143,0
Kyber-768,385,0.1668,0.0184,0
Kyber-768,386,0.1544,0.0146,0
Kyber-768,387,0.1541,0.0141,0
Kyber-768,388,0.1531,0.0144,0
Kyber-768,389,0.154,0.0142,0
Kyber-768,390,0.154,0.0144,0
Kyber-768,391,0.172,0.0144,0
Kyber-768,392,0.1612,0.0148,0
Kyber-768,393,0.1558,0.0143,0
Kyber-768,394,0.1642,0.0145,0
Kyber-768,395,0.16,0.0207,0
Kyber-768,396,0.1555,0.0148,0
Kyber-768,397,0.1551,0.0143,0
Kyber-768,398,0.1876,0.0142,0
Kyber-768,399,0.1574,0.0143,0
Kyber-768,400,0.1551,0.0142,0
Kyber-768,401,0.1552,0.0145,0
Kyber-768,402,0.1543,0.0143,0
Kyber-768,403,0.1545,0.0142,0
Kyber-768,404,0.1752,0.0143,0
Kyber-768,405,0.1586,0.0142,0
Kyber-768,406,0.1545,0.015,0
Kyber-768,407,0.2119,0.0145,0
Kyber-768,408,0.1668,0.0143,0
Kyber-768,409,0.1597,0.0143,0
Kyber-768,410,0.1599,0.0143,0
Kyber-768,411,0.1597,0.0144,0
Kyber-768,412,0.1595,0.0142,0
Kyber-768,413,0.1621,0.0143,0
Kyber-768,414,0.1568,0.0142,0
Kyber-768,415,0.1559,0.0141,0
Kyber-768,416,0.1559,0.015,0
Kyber-768,417,0.1574,0.0143,0
Kyber-768,418,0.1571,0.0143,0
Kyber-768,419,0.1577,0.0144,0
Kyber-768,420,0.1645,0.0144,0
Kyber-768,421,0.1563,0.0143,0
Kyber-768,422,0.1552,0.0143,0
Kyber-768,423,0.1566,0.0142,0
Kyber-768,424,0.1551,0.0142,0
Kyber-768,425,0.1564,0.0142,0
Kyber-768,426,0.1625,0.015,0
Kyber-768,427,0.1568,0.0143,0
Kyber-768,428,0.1565,0.0141,0
Kyber-768,429,0.1562,0.0143,0
Kyber-768,430,0.1561,0.0142,0
Kyber-768,431,0.1576,0.0144,0
Kyber-768,432,0.1619,0.0142,0
Kyber-768,433,0.159,0.0145,0
Kyber-768,434,0.1565,0.0146,0
Kyber-768,435,0.1561,0.0142,0
Kyber-768,436,0.158,0.0144,0
Kyber-768,437,0.1574,0.0143,0
Kyber-768,438,0.1589,0.0145,0
Kyber-768,439,0.1685,0.0141,0
Kyber-768,440,0.1732,0.0142,0
Kyber-768,441,0.157,0.0182,0
Kyber-768,442,0.1562,0.0144,0
Kyber-768,443,0.1581,0.0144,0
Kyber-768,444,0.1562,0.0145,0
Kyber-768,445,0.1696,0.0142,0
Kyber-768,446,0.1625,0.0242,0
Kyber-768,447,0.1609,0.015,0
Kyber-768,448,0.1565,0.0144,0
Kyber-768,449,0.1578,0.0144,0
Kyber-768,450,0.1566,0.0144,0
Kyber-768,451,0.1588,0.0142,0
Kyber-768,452,0.1584,0.0143,0
Kyber-768,453,0.1571,0.0144,0
Kyber-768,454,0.1999,0.0141,0
Kyber-768,455,0.1642,0.0144,0
Kyber-768,456,0.1578,0.0182,0
Kyber-768,457,0.1581,0.0147,0
Kyber-768,458,0.1586,0.0142,0
Kyber-768,459,0.1581,0.0142,0
Kyber-768,460,0.1728,0.0142,0
Kyber-768,461,0.164,0.0141,0
Kyber-768,462,0.1565,0.0143,0
Kyber-768,463,0.1668,0.0141,0
Kyber-768,464,0.168,0.0145,0
Kyber-768,465,0.1562,0.0144,0
Kyber-768,466,0.1561,0.015,0
Kyber-768,467,0.1581,0.0146,0
Kyber-768,468,0.1562,0.0142,0
Kyber-768,469,0.1571,0.0145,0
Kyber-768,470,0.1655,0.0143,0
Kyber-768,471,0.1695,0.0142,0
Kyber-768,472,0.171,0.0142,0
Kyber-768,473,0.1578,0.0144,0
Kyber-768,474,0.1556,0.0142,0
Kyber-768,475,0.1555,0.0143,0
Kyber-768,476,0.1635,0.0173,0
Kyber-768,477,0.1725,0.015,0
Kyber-768,478,0.1563,0.0144,0
Kyber-768,479,0.156,0.0143,0
Kyber-768,480,0.1529,0.0143,0
Kyber-768,481,0.1539,0.0142,0
Kyber-768,482,0.1631,0.0143,0
Kyber-768,483,0.1728,0.0142,0
Kyber-768,484,0.1536,0.0145,0
Kyber-768,485,0.155,0.0142,0
Kyber-768,486,0.1543,0.015,0
Kyber-768,487,0.155,0.0143,0
Kyber-768,488,0.1625,0.0143,0
Kyber-768,489,0.1578,0.0144,0
Kyber-768,490,0.1556,0.0142,0
Kyber-768,491,0.1549,0.0142,0
Kyber-768,492,0.1536,0.0215,0
Kyber-768,493,0.1531,0.0143,0
Kyber-768,494,0.1542,0.0141,0
Kyber-768,495,0.1629,0.0143,0
Kyber-768,496,0.1541,0.0148,0
Kyber-768,497,0.1528,0.0143,0
Kyber-768,498,0.1538,0.0143,0
Kyber-768,499,0.1541,0.0143,0
Kyber-768,500,0.1544,0.0141,0
Kyber-768,501,0.1603,0.0143,0
Kyber-768,502,0.1573,0.0144,0
Kyber-768,503,0.1549,0.0143,0
Kyber-768,504,0.1543,0.0142,0
Kyber-768,505,0.1554,0.0143,0
Kyber-768,506,0.1637,0.0147,0
Kyber-768,507,0.2211,0.0144,0
Kyber-768,508,0.18,0.0144,0
Kyber-768,509,0.1566,0.0143,0
Kyber-768,510,0.1551,0.0142,0
Kyber-768,511,0.1564,0.0143,0
Kyber-768,512,0.1628,0.0141,0
Kyber-768,513,0.1528,0.0143,0
Kyber-768,514,0.1557,0.0143,0
Kyber-768,515,0.155,0.0142,0
Kyber-768,516,0.1697,0.0147,0
Kyber-768,517,0.1636,0.0144,0
Kyber-768,518,0.1564,0.0141,0
Kyber-768,519,0.1549,0.0142,0
Kyber-768,520,0.1542,0.0143,0
Kyber-768,521,0.1552,0.0142,0
Kyber-768,522,0.1549,0.0143,0
Kyber-768,523,0.1769,0.0143,0
Kyber-768,524,0.1618,0.0142,0
Kyber-768,525,0.1549,0.0143,0
Kyber-768,526,0.1639,0.014,0
Kyber-768,527,0.1542,0.0171,0
Kyber-768,528,0.152,0.0143,0
Kyber-768,529,0.1639,0.0144,0
Kyber-768,530,0.158,0.0142,0
Kyber-768,531,0.1589,0.0143,0
Kyber-768,532,0.158,0.0143,0
Kyber-768,533,0.1565,0.0142,0
Kyber-768,534,0.1521,0.0147,0
Kyber-768,535,0.1526,0.0143,0
Kyber-768,536,0.1542,0.0144,0
Kyber-768,537,0.1522,0.0143,0
Kyber-768,538,0.1514,0.0144,0
Kyber-768,539,0.1615,0.0143,0
Kyber-768,540,0.1532,0.0144,0
Kyber-768,541,0.1509,0.0144,0
Kyber-768,542,0.152,0.0149,0
Kyber-768,543,0.1529,0.0143,0
Kyber-768,544,0.1504,0.0143,0
Kyber-768,545,0.1813,0.0144,0
Kyber-768,546,0.1711,0.0145,0
Kyber-768,547,0.1667,0.0153,0
Kyber-768,548,0.1515,0.0144,0
Kyber-768,549,0.1541,0.0143,0
Kyber-768,550,0.1506,0.0144,0
Kyber-768,551,0.1571,0.0142,0
Kyber-768,552,0.1522,0.0142,0
Kyber-768,553,0.1511,0.0142,0
Kyber-768,554,0.152,0.0144,0
Kyber-768,555,0.1507,0.0143,0
Kyber-768,556,0.15,0.0144,0
Kyber-768,557,0.1484,0.0155,0
Kyber-768,558,0.1559,0.0229,0
Kyber-768,559,0.182,0.0147,0
Kyber-768,560,0.1673,0.0143,0
Kyber-768,561,0.175,0.0145,0
Kyber-768,562,0.1733,0.0144,0
Kyber-768,563,0.167,0.0143,0
Kyber-768,564,0.1713,0.0149,0
Kyber-768,565,0.1735,0.0143,0
Kyber-768,566,0.1669,0.0141,0
Kyber-768,567,0.1526,0.0143,0
Kyber-768,568,0.1509,0.0143,0
Kyber-768,569,0.1513,0.0188,0
Kyber-768,570,0.1613,0.0143,0
Kyber-768,571,0.1542,0.0143,0
Kyber-768,572,0.1509,0.0144,0
Kyber-768,573,0.1527,0.0145,0
Kyber-768,574,0.1611,0.0151,0
Kyber-768,575,0.1608,0.0144,0
Kyber-768,576,0.1513,0.0142,0
Kyber-768,577,0.1514,0.0143,0
Kyber-768,578,0.1527,0.0142,0
Kyber-768,579,0.1507,0.0141,0
Kyber-768,580,0.1743,0.0143,0
Kyber-768,581,0.1613,0.0143,0
Kyber-768,582,0.1517,0.0143,0
Kyber-768,583,0.1493,0.0143,0
Kyber-768,584,0.1512,0.0146,0
Kyber-768,585,0.1513,0.0142,0
Kyber-768,586,0.1675,0.0142,0
Kyber-768,587,0.1555,0.0144,0
Kyber-768,588,0.1495,0.0143,0
Kyber-768,589,0.158,0.0144,0
Kyber-768,590,0.1524,0.0143,0
Kyber-768,591,0.1511,0.0144,0
Kyber-768,592,0.1501,0.014,0
Kyber-768,593,0.1534,0.0143,0
Kyber-768,594,0.1495,0.021,0
Kyber-768,595,0.15,0.0146,0
Kyber-768,596,0.1579,0.0146,0
Kyber-768,597,0.1516,0.0142,0
Kyber-768,598,0.1499,0.0142,0
Kyber-768,599,0.1524,0.0143,0
Kyber-768,600,0.1517,0.0143,0
Kyber-768,601,0.15,0.0143,0
Kyber-768,602,0.1889,0.0142,0
Kyber-768,603,0.1605,0.0144,0
Kyber-768,604,0.2551,0.0149,0
Kyber-768,605,0.1658,0.0145,0
Kyber-768,606,0.1549,0.0144,0
Kyber-768,607,0.1561,0.0143,0
Kyber-768,608,0.1637,0.0144,0
Kyber-768,609,0.1544,0.0144,0
Kyber-768,610,0.154,0.0141,0
Kyber-768,611,0.1505,0.0143,0
Kyber-768,612,0.153,0.0143,0
Kyber-768,613,0.1532,0.0144,0
Kyber-768,614,0.1584,0.0143,0
Kyber-768,615,0.1543,0.015,0
Kyber-768,616,0.1508,0.0151,0
Kyber-768,617,0.1538,0.0144,0
Kyber-768,618,0.1623,0.0143,0
Kyber-768,619,0.1534,0.0142,0
Kyber-768,620,0.1608,0.0142,0
Kyber-768,621,0.1621,0.0144,0
Kyber-768,622,0.1535,0.0144,0
Kyber-768,623,0.1534,0.014,0
Kyber-768,624,0.1528,0.0149,0
Kyber-768,625,0.154,0.0144,0
Kyber-768,626,0.1548,0.0144,0
Kyber-768,627,0.1558,0.0143,0
Kyber-768,628,0.1529,0.021,0
Kyber-768,629,0.1503,0.0143,0
Kyber-768,630,0.1518,0.0142,0
Kyber-768,631,0.1503,0.0144,0
Kyber-768,632,0.1502,0.0143,0
Kyber-768,633,0.1508,0.0145,0
Kyber-768,634,0.1623,0.0145,0
Kyber-768,635,0.1512,0.0144,0
Kyber-768,636,0.1502,0.0144,0
Kyber-768,637,0.1509,0.0144,0
Kyber-768,638,0.1512,0.0142,0
Kyber-768,639,0.1506,0.0149,0
Kyber-768,640,0.1503,0.0144,0
Kyber-768,641,0.1501,0.0144,0
Kyber-768,642,0.148,0.0141,0
Kyber-768,643,0.1515,0.0143,0
Kyber-768,644,0.1971,0.0142,0
Kyber-768,645,0.153,0.0145,0
Kyber-768,646,0.1496,0.0142,0
Kyber-768,647,0.1507,0.0144,0
Kyber-768,648,0.1508,0.0144,0
Kyber-768,649,0.1498,0.0151,0
Kyber-768,650,0.1692,0.0213,0
Kyber-768,651,0.1709,0.0144,0
Kyber-768,652,0.15,0.0145,0
Kyber-768,653,0.1609,0.0142,0
Kyber-768,654,0.1535,0.0146,0
Kyber-768,655,0.1654,0.0143,0
Kyber-768,656,0.2002,0.0142,0
Kyber-768,657,0.1632,0.0143,0
Kyber-768,658,0.1512,0.0143,0
Kyber-768,659,0.1572,0.0148,0
Kyber-768,660,0.1545,0.0142,0
Kyber-768,661,0.15,0.0145,0
Kyber-768,662,0.156,0.0141,0
Kyber-768,663,0.1503,0.0143,0
Kyber-768,664,0.1501,0.0143,0
Kyber-768,665,0.1504,0.014,0
Kyber-768,666,0.1585,0.0144,0
Kyber-768,667,0.1508,0.0143,0
Kyber-768,668,0.15,0.0141,0
Kyber-768,669,0.1517,0.0149,0
Kyber-768,670,0.1493,0.0143,0
Kyber-768,671,0.1515,0.0142,0
Kyber-768,672,0.1559,0.0141,0
Kyber-768,673,0.1522,0.0143,0
Kyber-768,674,0.1494,0.0148,0
Kyber-768,675,0.1496,0.0141,0
Kyber-768,676,0.1484,0.0143,0
Kyber-768,677,0.15,0.0143,0
Kyber-768,678,0.1485,0.0143,0
Kyber-768,679,0.1571,0.0148,0
Kyber-768,680,0.1612,0.0145,0
Kyber-768,681,0.1478,0.0144,0
Kyber-768,682,0.156,0.0143,0
Kyber-768,683,0.1482,0.0143,0
Kyber-768,684,0.1627,0.0143,0
Kyber-768,685,0.1552,0.0142,0
Kyber-768,686,0.1508,0.0143,0
Kyber-768,687,0.1491,0.0142,0
Kyber-768,688,0.1485,0.0144,0
Kyber-768,689,0.1475,0.0144,0
Kyber-768,690,0.1548,0.0147,0
Kyber-768,691,0.1506,0.0144,0
Kyber-768,692,0.1566,0.0143,0
Kyber-768,693,0.1496,0.0143,0
Kyber-768,694,0.1493,0.0144,0
Kyber-768,695,0.1481,0.0147,0
Kyber-768,696,0.1493,0.0143,0
Kyber-768,697,0.15,0.0141,0
Kyber-768,698,0.1478,0.0142,0
Kyber-768,699,0.1873,0.0144,0
Kyber-768,700,0.1651,0.0174,0
Kyber-768,701,0.1509,0.0142,0
Kyber-768,702,0.1607,0.0143,0
Kyber-768,703,0.151,0.0142,0
Kyber-768,704,0.1498,0.0145,0
Kyber-768,705,0.1517,0.0143,0
Kyber-768,706,0.1635,0.0143,0
Kyber-768,707,0.1489,0.0142,0
Kyber-768,708,0.2053,0.0143,0
Kyber-768,709,0.1571,0.0141,0
Kyber-768,710,0.1513,0.0144,0
Kyber-768,711,0.1508,0.0141,0
Kyber-768,712,0.1497,0.0141,0
Kyber-768,713,0.1511,0.0141,0
Kyber-768,714,0.1644,0.0141,0
Kyber-768,715,0.1543,0.0147,0
Kyber-768,716,0.1482,0.0143,0
Kyber-768,717,0.148,0.0141,0
Kyber-768,718,0.1613,0.0143,0
Kyber-768,719,0.1517,0.014,0
Kyber-768,720,0.149,0.0148,0
Kyber-768,721,0.1507,0.0141,0
Kyber-768,722,0.1485,0.014,0
Kyber-768,723,0.1482,0.0142,0
Kyber-768,724,0.1564,0.0143,0
Kyber-768,725,0.1536,0.0141,0
Kyber-768,726,0.1492,0.0143,0
Kyber-768,727,0.1504,0.0142,0
Kyber-768,728,0.1479,0.0141,0
Kyber-768,729,0.1475,0.0141,0
Kyber-768,730,0.1484,0.0147,0
Kyber-768,731,0.1558,0.0143,0
Kyber-768,732,0.1486,0.0143,0
Kyber-768,733,0.1501,0.0142,0
Kyber-768,734,0.149,0.0143,0
Kyber-768,735,0.1497,0.021,0
Kyber-768,736,0.1499,0.0145,0
Kyber-768,737,0.1765,0.0144,0
Kyber-768,738,0.1548,0.0142,0
Kyber-768,739,0.1492,0.014,0
Kyber-768,740,0.1502,0.0229,0
Kyber-768,741,0.1482,0.0143,0
Kyber-768,742,0.1493,0.0145,0
Kyber-768,743,0.1496,0.0143,0
Kyber-768,744,0.1582,0.0141,0
Kyber-768,745,0.1503,0.0141,0
Kyber-768,746,0.1508,0.0142,0
Kyber-768,747,0.1481,0.0142,0
Kyber-768,748,0.1472,0.0141,0
Kyber-768,749,0.149,0.0142,0
Kyber-768,750,0.1481,0.0143,0
Kyber-768,751,0.1569,0.0147,0
Kyber-768,752,0.1497,0.0145,0
Kyber-768,753,0.1487,0.0142,0
Kyber-768,754,0.148,0.0143,0
Kyber-768,755,0.1487,0.0146,0
Kyber-768,756,0.1505,0.0145,0
Kyber-768,757,0.1538,0.0143,0
Kyber-768,758,0.1519,0.0142,0
Kyber-768,759,0.1489,0.0145,0
Kyber-768,760,0.1489,0.0143,0
Kyber-768,761,0.1506,0.0146,0
Kyber-768,762,0.1489,0.0148,0
Kyber-768,763,0.1493,0.0144,0
Kyber-768,764,0.1611,0.0142,0
Kyber-768,765,0.1505,0.0142,0
Kyber-768,766,0.1479,0.0143,0
Kyber-768,767,0.1505,0.0181,0
Kyber-768,768,0.1483,0.0146,0
Kyber-768,769,0.1494,0.014,0
Kyber-768,770,0.1491,0.0143,0
Kyber-768,771,0.1507,0.0143,0
Kyber-768,772,0.1493,0.0143,0
Kyber-768,773,0.1498,0.0143,0
Kyber-768,774,0.1755,0.0142,0
Kyber-768,775,0.1535,0.0145,0
Kyber-768,776,0.1496,0.0149,0
Kyber-768,777,0.151,0.0144,0
Kyber-768,778,0.1509,0.0143,0
Kyber-768,779,0.1494,0.0144,0
Kyber-768,780,0.1651,0.0142,0
Kyber-768,781,0.1554,0.0141,0
Kyber-768,782,0.1681,0.0143,0
Kyber-768,783,0.1686,0.0143,0
Kyber-768,784,0.1545,0.0144,0
Kyber-768,785,0.1531,0.0142,0
Kyber-768,786,0.1519,0.0152,0
Kyber-768,787,0.1707,0.0144,0
Kyber-768,788,0.1516,0.0145,0
Kyber-768,789,0.1501,0.0147,0
Kyber-768,790,0.1608,0.0141,0
Kyber-768,791,0.1523,0.0144,0
Kyber-768,792,0.1488,0.0142,0
Kyber-768,793,0.1499,0.0144,0
Kyber-768,794,0.1514,0.0221,0
Kyber-768,795,0.1496,0.0146,0
Kyber-768,796,0.1584,0.0148,0
Kyber-768,797,0.1534,0.0145,0
Kyber-768,798,0.152,0.0145,0
Kyber-768,799,0.1544,0.0144,0
Kyber-768,800,0.1532,0.0143,0
Kyber-768,801,0.1504,0.0143,0
Kyber-768,802,0.1509,0.0141,0
Kyber-768,803,0.1593,0.0143,0
Kyber-768,804,0.1513,0.0145,0
Kyber-768,805,0.1509,0.0143,0
Kyber-768,806,0.1494,0.0146,0
Kyber-768,807,0.1498,0.0147,0
Kyber-768,808,0.148,0.0144,0
Kyber-768,809,0.1956,0.0144,0
Kyber-768,810,0.1573,0.0144,0
Kyber-768,811,0.1498,0.0143,0
Kyber-768,812,0.1495,0.0143,0
Kyber-768,813,0.1497,0.0144,0
Kyber-768,814,0.1515,0.0144,0
Kyber-768,815,0.1498,0.0147,0
Kyber-768,816,0.1582,0.0146,0
Kyber-768,817,0.1497,0.0144,0
Kyber-768,818,0.1491,0.0142,0
Kyber-768,819,0.1486,0.0144,0
Kyber-768,820,0.1477,0.0141,0
Kyber-768,821,0.1485,0.0143,0
Kyber-768,822,0.1535,0.0143,0
Kyber-768,823,0.1507,0.0142,0
Kyber-768,824,0.1499,0.0144,0
Kyber-768,825,0.1489,0.0143,0
Kyber-768,826,0.1492,0.0204,0
Kyber-768,827,0.1498,0.0145,0
Kyber-768,828,0.1537,0.0144,0
Kyber-768,829,0.1621,0.0143,0
Kyber-768,830,0.1507,0.0144,0
Kyber-768,831,0.1482,0.0144,0
Kyber-768,832,0.1491,0.0144,0
Kyber-768,833,0.1506,0.0143,0
Kyber-768,834,0.148,0.0142,0
Kyber-768,835,0.1502,0.0215,0
Kyber-768,836,0.1494,0.019,0
Kyber-768,837,0.1503,0.0142,0
Kyber-768,838,0.1502,0.0152,0
Kyber-768,839,0.2245,0.0147,0
Kyber-768,840,0.1539,0.0143,0
Kyber-768,841,0.1503,0.0155,0
Kyber-768,842,0.1516,0.0163,0
Kyber-768,843,0.1503,0.0143,0
Kyber-768,844,0.15,0.014,0
Kyber-768,845,0.1703,0.0143,0
Kyber-768,846,0.1529,0.0143,0
Kyber-768,847,0.151,0.0142,0
Kyber-768,848,0.1578,0.0147,0
Kyber-768,849,0.1533,0.0141,0
Kyber-768,850,0.1493,0.0141,0
Kyber-768,851,0.1479,0.0214,0
Kyber-768,852,0.1494,0.0147,0
Kyber-768,853,0.1504,0.0144,0
Kyber-768,854,0.1506,0.0145,0
Kyber-768,855,0.1571,0.0145,0
Kyber-768,856,0.1492,0.0143,0
Kyber-768,857,0.1495,0.0146,0
Kyber-768,858,0.1499,0.0144,0
Kyber-768,859,0.1493,0.0145,0
Kyber-768,860,0.1489,0.0144,0
Kyber-768,861,0.1554,0.0148,0
Kyber-768,862,0.1504,0.0144,0
Kyber-768,863,0.1506,0.0152,0
Kyber-768,864,0.1479,0.0143,0
Kyber-768,865,0.1505,0.0142,0
Kyber-768,866,0.15,0.0143,0
Kyber-768,867,0.1495,0.0144,0
Kyber-768,868,0.1559,0.0145,0
Kyber-768,869,0.1532,0.0144,0
Kyber-768,870,0.1501,0.0145,0
Kyber-768,871,0.1497,0.0226,0
Kyber-768,872,0.1501,0.0145,0
Kyber-768,873,0.1486,0.0143,0
Kyber-768,874,0.1486,0.0142,0
Kyber-768,875,0.1579,0.0147,0
Kyber-768,876,0.1491,0.0143,0
Kyber-768,877,0.1493,0.0141,0
Kyber-768,878,0.1511,0.0144,0
Kyber-768,879,0.1488,0.0142,0
Kyber-768,880,0.149,0.0145,0
Kyber-768,881,0.1541,0.014,0
Kyber-768,882,0.1514,0.0147,0
Kyber-768,883,0.1497,0.0144,0
Kyber-768,884,0.1499,0.0143,0
Kyber-768,885,0.1502,0.0143,0
Kyber-768,886,0.1477,0.0144,0
Kyber-768,887,0.1491,0.0144,0
Kyber-768,888,0.1564,0.0144,0
Kyber-768,889,0.1515,0.0141,0
Kyber-768,890,0.1492,0.0145,0
Kyber-768,891,0.1479,0.0143,0
Kyber-768,892,0.1483,0.0147,0
Kyber-768,893,0.1484,0.0143,0
Kyber-768,894,0.1496,0.0143,0
Kyber-768,895,0.1631,0.0211,0
Kyber-768,896,0.1499,0.0146,0
Kyber-768,897,0.1494,0.0146,0
Kyber-768,898,0.1487,0.0143,0
Kyber-768,899,0.1502,0.0144,0
Kyber-768,900,0.1501,0.0143,0
Kyber-768,901,0.1477,0.0144,0
Kyber-768,902,0.1476,0.0149,0
Kyber-768,903,0.1488,0.0145,0
Kyber-768,904,0.1483,0.0143,0
Kyber-768,905,0.1739,0.0143,0
Kyber-768,906,0.15,0.0144,0
Kyber-768,907,0.1516,0.0143,0
Kyber-768,908,0.2822,0.0143,0
Kyber-768,909,0.1623,0.0142,0
Kyber-768,910,0.1547,0.0143,0
Kyber-768,911,0.1563,0.0143,0
Kyber-768,912,0.1523,0.0148,0
Kyber-768,913,0.1617,0.0144,0
Kyber-768,914,0.1793,0.0143,0
Kyber-768,915,0.1599,0.0222,0
Kyber-768,916,0.1529,0.0145,0
Kyber-768,917,0.191,0.0146,0
Kyber-768,918,0.162,0.0145,0
Kyber-768,919,0.1518,0.0144,0
Kyber-768,920,0.1504,0.0144,0
Kyber-768,921,0.1527,0.0144,0
Kyber-768,922,0.152,0.015,0
Kyber-768,923,0.1679,0.0145,0
Kyber-768,924,0.1593,0.0142,0
Kyber-768,925,0.1507,0.0143,0
Kyber-768,926,0.1494,0.0144,0
Kyber-768,927,0.1525,0.0143,0
Kyber-768,928,0.1504,0.0144,0
Kyber-768,929,0.1501,0.0145,0
Kyber-768,930,0.1861,0.0143,0
Kyber-768,931,0.1564,0.0144,0
Kyber-768,932,0.1518,0.0148,0
Kyber-768,933,0.1486,0.021,0
Kyber-768,934,0.1485,0.0143,0
Kyber-768,935,0.1491,0.0149,0
Kyber-768,936,0.1555,0.0143,0
Kyber-768,937,0.1514,0.0142,0
Kyber-768,938,0.1485,0.0142,0
Kyber-768,939,0.1511,0.0142,0
Kyber-768,940,0.1493,0.0143,0
Kyber-768,941,0.1499,0.0178,0
Kyber-768,942,0.1481,0.0151,0
Kyber-768,943,0.1558,0.0144,0
Kyber-768,944,0.1507,0.0143,0
Kyber-768,945,0.1484,0.0143,0
Kyber-768,946,0.1494,0.0142,0
Kyber-768,947,0.1482,0.0145,0
Kyber-768,948,0.1487,0.0144,0
Kyber-768,949,0.1496,0.0145,0
Kyber-768,950,0.1578,0.0153,0
Kyber-768,951,0.1508,0.0145,0
Kyber-768,952,0.1495,0.0151,0
Kyber-768,953,0.1508,0.0145,0
Kyber-768,954,0.1483,0.0143,0
Kyber-768,955,0.1509,0.0146,0
Kyber-768,956,0.1619,0.0144,0
Kyber-768,957,0.1524,0.0143,0
Kyber-768,958,0.1502,0.0145,0
Kyber-768,959,0.149,0.0145,0
Kyber-768,960,0.1616,0.0161,0
Kyber-768,961,0.1496,0.0143,0
Kyber-768,962,0.1689,0.015,0
Kyber-768,963,0.1692,0.0143,0
Kyber-768,964,0.1523,0.0141,0
Kyber-768,965,0.1534,0.0144,0
Kyber-768,966,0.1664,0.0143,0
Kyber-768,967,0.1517,0.0144,0
Kyber-768,968,0.1508,0.0144,0
Kyber-768,969,0.1666,0.0146,0
Kyber-768,970,0.1537,0.0143,0
Kyber-768,971,0.1509,0.0143,0
Kyber-768,972,0.171,0.018,0
Kyber-768,973,0.1586,0.0164,0
Kyber-768,974,0.1516,0.0218,0
Kyber-768,975,0.1519,0.0146,0
Kyber-768,976,0.1501,0.0164,0
Kyber-768,977,0.1496,0.0146,0
Kyber-768,978,0.1499,0.0142,0
Kyber-768,979,0.1611,0.0144,0
Kyber-768,980,0.1495,0.0143,0
Kyber-768,981,0.15,0.0143,0
Kyber-768,982,0.1492,0.0148,0
Kyber-768,983,0.1498,0.0145,0
Kyber-768,984,0.1498,0.0145,0
Kyber-768,985,0.1617,0.0146,0
Kyber-768,986,0.1538,0.0145,0
Kyber-768,987,0.1485,0.0144,0
Kyber-768,988,0.1506,0.0144,0
Kyber-768,989,0.1493,0.0145,0
Kyber-768,990,0.1482,0.0143,0
Kyber-768,991,0.1494,0.0146,0
Kyber-768,992,0.1562,0.0157,0
Kyber-768,993,0.1513,0.0143,0
Kyber-768,994,0.1489,0.0145,0
Kyber-768,995,0.1492,0.0145,0
Kyber-768,996,0.1494,0.0144,0
Kyber-768,997,0.1496,0.0142,0
Kyber-768,998,0.1479,0.0145,0
Kyber-768,999,0.1592,0.0143,0
Kyber-1024,0,0.2946,0.0233,0
Kyber-1024,1,0.2467,0.0153,0
Kyber-1024,2,0.2179,0.0147,0
Kyber-1024,3,0.1729,0.0145,0
Kyber-1024,4,0.2383,0.0145,0
Kyber-1024,5,0.1798,0.0143,0
Kyber-1024,6,0.1732,0.0143,0
Kyber-1024,7,0.1726,0.0167,0
Kyber-1024,8,0.1701,0.0152,0
Kyber-1024,9,0.1679,0.0146,0
Kyber-1024,10,0.1708,0.0146,0
Kyber-1024,11,0.1702,0.0147,0
Kyber-1024,12,0.1674,0.0146,0
Kyber-1024,13,0.1682,0.0144,0
Kyber-1024,14,0.1678,0.0143,0
Kyber-1024,15,0.1786,0.0143,0
Kyber-1024,16,0.1686,0.0143,0
Kyber-1024,17,0.1686,0.0142,0
Kyber-1024,18,0.1671,0.0144,0
Kyber-1024,19,0.1786,0.0142,0
Kyber-1024,20,0.1718,0.0145,0
Kyber-1024,21,0.1683,0.0141,0
Kyber-1024,22,0.1766,0.0142,0
Kyber-1024,23,0.1681,0.0143,0
Kyber-1024,24,0.1666,0.0144,0
Kyber-1024,25,0.1734,0.0143,0
Kyber-1024,26,0.1677,0.0145,0
Kyber-1024,27,0.1778,0.0143,0
Kyber-1024,28,0.1681,0.0141,0
Kyber-1024,29,0.1664,0.0143,0
Kyber-1024,30,0.1659,0.0143,0
Kyber-1024,31,0.2068,0.0141,0
Kyber-1024,32,0.1693,0.0139,0
Kyber-1024,33,0.168,0.0144,0
Kyber-1024,34,0.167,0.0142,0
Kyber-1024,35,0.1681,0.0143,0
Kyber-1024,36,0.167,0.0144,0
Kyber-1024,37,0.1688,0.0143,0
Kyber-1024,38,0.1914,0.0143,0
Kyber-1024,39,0.1695,0.0144,0
Kyber-1024,40,0.1667,0.0142,0
Kyber-1024,41,0.1683,0.0141,0
Kyber-1024,42,0.1663,0.0144,0
Kyber-1024,43,0.1661,0.0141,0
Kyber-1024,44,0.166,0.014,0
Kyber-1024,45,0.1652,0.0141,0
Kyber-1024,46,0.1672,0.0143,0
Kyber-1024,47,0.1659,0.0141,0
Kyber-1024,48,0.166,0.0141,0
Kyber-1024,49,0.1665,0.0142,0
Kyber-1024,50,0.1722,0.014,0
Kyber-1024,51,0.1703,0.014,0
Kyber-1024,52,0.1645,0.0141,0
Kyber-1024,53,0.1655,0.0141,0
Kyber-1024,54,0.1653,0.0142,0
Kyber-1024,55,0.2271,0.0143,0
Kyber-1024,56,0.1752,0.0139,0
Kyber-1024,57,0.1672,0.0141,0
Kyber-1024,58,0.1666,0.0145,0
Kyber-1024,59,0.1661,0.0141,0
Kyber-1024,60,0.1649,0.0144,0
Kyber-1024,61,0.1838,0.0144,0
Kyber-1024,62,0.1811,0.0141,0
Kyber-1024,63,0.1673,0.0143,0
Kyber-1024,64,0.1648,0.0143,0
Kyber-1024,65,0.1687,0.0141,0
Kyber-1024,66,0.1683,0.0142,0
Kyber-1024,67,0.1792,0.0141,0
Kyber-1024,68,0.172,0.014,0
Kyber-1024,69,0.2961,0.0143,0
Kyber-1024,70,0.3336,0.014,0
Kyber-1024,71,0.2323,0.0145,0
Kyber-1024,72,0.1871,0.0142,0
Kyber-1024,73,0.1719,0.0142,0
Kyber-1024,74,0.1712,0.0142,0
Kyber-1024,75,0.1688,0.0142,0
Kyber-1024,76,0.1688,0.0144,0
Kyber-1024,77,0.1879,0.015,0
Kyber-1024,78,0.1788,0.0143,0
Kyber-1024,79,0.1659,0.0141,0
Kyber-1024,80,0.1661,0.014,0
Kyber-1024,81,0.1658,0.0142,0
Kyber-1024,82,0.1648,0.0141,0
Kyber-1024,83,0.1818,0.0143,0
Kyber-1024,84,0.1695,0.0144,0
Kyber-1024,85,0.168,0.014,0
Kyber-1024,86,0.1667,0.014,0
Kyber-1024,87,0.168,0.0142,0
Kyber-1024,88,0.1683,0.0143,0
Kyber-1024,89,0.1665,0.0142,0
Kyber-1024,90,0.1638,0.0142,0
Kyber-1024,91,0.1647,0.0139,0
Kyber-1024,92,0.1647,0.0143,0
Kyber-1024,93,0.1891,0.0142,0
Kyber-1024,94,0.171,0.0141,0
Kyber-1024,95,0.1795,0.0144,0
Kyber-1024,96,0.1668,0.0141,0
Kyber-1024,97,0.1663,0.0144,0
Kyber-1024,98,0.1658,0.0144,0
Kyber-1024,99,0.1683,0.0143,0
Kyber-1024,100,0.1654,0.0143,0
Kyber-1024,101,0.1664,0.0146,0
Kyber-1024,102,0.1671,0.0144,0
Kyber-1024,103,0.1661,0.0142,0
Kyber-1024,104,0.1674,0.0143,0
Kyber-1024,105,0.1698,0.0143,0
Kyber-1024,106,0.1687,0.0142,0
Kyber-1024,107,0.1779,0.014,0
Kyber-1024,108,0.1674,0.0143,0
Kyber-1024,109,0.1668,0.0144,0
Kyber-1024,110,0.1651,0.0145,0
Kyber-1024,111,0.1677,0.0143,0
Kyber-1024,112,0.1664,0.0145,0
Kyber-1024,113,0.1669,0.0143,0
Kyber-1024,114,0.1792,0.0142,0
Kyber-1024,115,0.1708,0.014,0
Kyber-1024,116,0.1656,0.0142,0
Kyber-1024,117,0.1658,0.0142,0
Kyber-1024,118,0.1771,0.014,0
Kyber-1024,119,0.1697,0.0146,0
Kyber-1024,120,0.1662,0.0236,0
Kyber-1024,121,0.1648,0.0142,0
Kyber-1024,122,0.1669,0.0142,0
Kyber-1024,123,0.1665,0.0143,0
Kyber-1024,124,0.1669,0.0144,0
Kyber-1024,125,0.1668,0.0143,0
Kyber-1024,126,0.1637,0.0147,0
Kyber-1024,127,0.167,0.0146,0
Kyber-1024,128,0.1663,0.0141,0
Kyber-1024,129,0.1652,0.0147,0
Kyber-1024,130,0.174,0.0145,0
Kyber-1024,131,0.1707,0.0144,0
Kyber-1024,132,0.1665,0.0141,0
Kyber-1024,133,0.1657,0.0144,0
Kyber-1024,134,0.1659,0.0143,0
Kyber-1024,135,0.1658,0.0146,0
Kyber-1024,136,0.1654,0.0142,0
Kyber-1024,137,0.1667,0.0144,0
Kyber-1024,138,0.1656,0.0143,0
Kyber-1024,139,0.1644,0.0142,0
Kyber-1024,140,0.1664,0.0143,0
Kyber-1024,141,0.1654,0.0145,0
Kyber-1024,142,0.1759,0.0143,0
Kyber-1024,143,0.1718,0.0143,0
Kyber-1024,144,0.1664,0.0167,0
Kyber-1024,145,0.1643,0.0143,0
Kyber-1024,146,0.1649,0.0146,0
Kyber-1024,147,0.1662,0.0142,0
Kyber-1024,148,0.1647,0.0143,0
Kyber-1024,149,0.1658,0.0144,0
Kyber-1024,150,0.1654,0.0143,0
Kyber-1024,151,0.1667,0.0145,0
Kyber-1024,152,0.1656,0.0143,0
Kyber-1024,153,0.1668,0.0144,0
Kyber-1024,154,0.1756,0.0143,0
Kyber-1024,155,0.1691,0.0142,0
Kyber-1024,156,0.1664,0.0144,0
Kyber-1024,157,0.1657,0.0142,0
Kyber-1024,158,0.165,0.0143,0
Kyber-1024,159,0.1642,0.0143,0
Kyber-1024,160,0.1647,0.0143,0
Kyber-1024,161,0.166,0.0144,0
Kyber-1024,162,0.1636,0.0143,0
Kyber-1024,163,0.165,0.0235,0
Kyber-1024,164,0.1656,0.0145,0
Kyber-1024,165,0.1644,0.0145,0
Kyber-1024,166,0.1746,0.0143,0
Kyber-1024,167,0.1679,0.0145,0
Kyber-1024,168,0.1667,0.0142,0
Kyber-1024,169,0.165,0.0143,0
Kyber-1024,170,0.1653,0.0142,0
Kyber-1024,171,0.1667,0.0142,0
Kyber-1024,172,0.1657,0.0145,0
Kyber-1024,173,0.1667,0.0141,0
Kyber-1024,174,0.1659,0.0142,0
Kyber-1024,175,0.165,0.0141,0
Kyber-1024,176,0.1662,0.0143,0
Kyber-1024,177,0.1643,0.0145,0
Kyber-1024,178,0.174,0.0142,0
Kyber-1024,179,0.1677,0.0142,0
Kyber-1024,180,0.1664,0.0143,0
Kyber-1024,181,0.1669,0.0145,0
Kyber-1024,182,0.1659,0.0147,0
Kyber-1024,183,0.1675,0.0142,0
Kyber-1024,184,0.1663,0.0142,0
Kyber-1024,185,0.2446,0.0144,0
Kyber-1024,186,0.1824,0.0142,0
Kyber-1024,187,0.1704,0.0143,0
Kyber-1024,188,0.1688,0.0142,0
Kyber-1024,189,0.1668,0.0143,0
Kyber-1024,190,0.1833,0.0146,0
Kyber-1024,191,0.1809,0.0142,0
Kyber-1024,192,0.1711,0.0142,0
Kyber-1024,193,0.1687,0.0142,0
Kyber-1024,194,0.168,0.0143,0
Kyber-1024,195,0.1667,0.0143,0
Kyber-1024,196,0.1676,0.0144,0
Kyber-1024,197,0.1668,0.0142,0
Kyber-1024,198,0.167,0.0144,0
Kyber-1024,199,0.2059,0.0144,0
Kyber-1024,200,0.2543,0.0144,0
Kyber-1024,201,0.2003,0.0143,0
Kyber-1024,202,0.1696,0.0144,0
Kyber-1024,203,0.1696,0.0142,0
Kyber-1024,204,0.186,0.0144,0
Kyber-1024,205,0.1679,0.0144,0
Kyber-1024,206,0.181,0.0142,0
Kyber-1024,207,0.1682,0.0142,0
Kyber-1024,208,0.1677,0.0143,0
Kyber-1024,209,0.1679,0.0144,0
Kyber-1024,210,0.1661,0.0143,0
Kyber-1024,211,0.1651,0.0143,0
Kyber-1024,212,0.1758,0.0143,0
Kyber-1024,213,0.1672,0.0142,0
Kyber-1024,214,0.165,0.0143,0
Kyber-1024,215,0.1658,0.0142,0
Kyber-1024,216,0.1655,0.0145,0
Kyber-1024,217,0.1659,0.0144,0
Kyber-1024,218,0.165,0.0145,0
Kyber-1024,219,0.167,0.0142,0
Kyber-1024,220,0.166,0.0144,0
Kyber-1024,221,0.1653,0.0141,0
Kyber-1024,222,0.1666,0.0143,0
Kyber-1024,223,0.1651,0.0169,0
Kyber-1024,224,0.1782,0.0144,0
Kyber-1024,225,0.1695,0.0146,0
Kyber-1024,226,0.1677,0.0143,0
Kyber-1024,227,0.1653,0.0143,0
Kyber-1024,228,0.1663,0.0145,0
Kyber-1024,229,0.1681,0.0143,0
Kyber-1024,230,0.1655,0.0145,0
Kyber-1024,231,0.1656,0.0144,0
Kyber-1024,232,0.1645,0.0144,0
Kyber-1024,233,0.1659,0.0224,0
Kyber-1024,234,0.1662,0.0144,0
Kyber-1024,235,0.1675,0.0145,0
Kyber-1024,236,0.175,0.0144,0
Kyber-1024,237,0.1697,0.0143,0
Kyber-1024,238,0.1678,0.0143,0
Kyber-1024,239,0.1663,0.0145,0
Kyber-1024,240,0.1665,0.0141,0
Kyber-1024,241,0.166,0.0142,0
Kyber-1024,242,0.1664,0.0143,0
Kyber-1024,243,0.1658,0.0143,0
Kyber-1024,244,0.1663,0.0143,0
Kyber-1024,245,0.1675,0.0144,0
Kyber-1024,246,0.1644,0.0145,0
Kyber-1024,247,0.1653,0.0152,0
Kyber-1024,248,0.1758,0.0145,0
Kyber-1024,249,0.1719,0.0143,0
Kyber-1024,250,0.1672,0.0144,0
Kyber-1024,251,0.2339,0.0146,0
Kyber-1024,252,0.1968,0.0144,0
Kyber-1024,253,0.1719,0.0142,0
Kyber-1024,254,0.1716,0.0143,0
Kyber-1024,255,0.1702,0.0147,0
Kyber-1024,256,0.2204,0.0143,0
Kyber-1024,257,0.1846,0.0143,0
Kyber-1024,258,0.172,0.0143,0
Kyber-1024,259,0.2308,0.0143,0
Kyber-1024,260,0.173,0.0143,0
Kyber-1024,261,0.1718,0.0144,0
Kyber-1024,262,0.1698,0.0145,0
Kyber-1024,263,0.1706,0.0143,0
Kyber-1024,264,0.1684,0.0144,0
Kyber-1024,265,0.1682,0.0143,0
Kyber-1024,266,0.1683,0.0144,0
Kyber-1024,267,0.1659,0.0141,0
Kyber-1024,268,0.1669,0.0291,0
Kyber-1024,269,0.1679,0.0206,0
Kyber-1024,270,0.167,0.0149,0
Kyber-1024,271,0.1791,0.0145,0
Kyber-1024,272,0.1686,0.0144,0
Kyber-1024,273,0.1662,0.0162,0
Kyber-1024,274,0.167,0.0152,0
Kyber-1024,275,0.1674,0.0149,0
Kyber-1024,276,0.1663,0.0142,0
Kyber-1024,277,0.1665,0.0139,0
Kyber-1024,278,0.1662,0.0141,0
Kyber-1024,279,0.1661,0.0141,0
Kyber-1024,280,0.1688,0.0143,0
Kyber-1024,281,0.1678,0.0141,0
Kyber-1024,282,0.1727,0.0141,0
Kyber-1024,283,0.171,0.0139,0
Kyber-1024,284,0.165,0.0143,0
Kyber-1024,285,0.1668,0.014,0
Kyber-1024,286,0.1665,0.0144,0
Kyber-1024,287,0.1654,0.0141,0
Kyber-1024,288,0.1675,0.0139,0
Kyber-1024,289,0.1667,0.0144,0
Kyber-1024,290,0.1668,0.0139,0
Kyber-1024,291,0.1653,0.0143,0
Kyber-1024,292,0.2012,0.0143,0
Kyber-1024,293,0.1716,0.0141,0
Kyber-1024,294,0.1735,0.0142,0
Kyber-1024,295,0.1684,0.0144,0
Kyber-1024,296,0.1671,0.0142,0
Kyber-1024,297,0.1643,0.014,0
Kyber-1024,298,0.1661,0.0141,0
Kyber-1024,299,0.1656,0.0142,0
Kyber-1024,300,0.1672,0.0141,0
Kyber-1024,301,0.1658,0.0145,0
Kyber-1024,302,0.1669,0.0143,0
Kyber-1024,303,0.1647,0.0145,0
Kyber-1024,304,0.1671,0.0143,0
Kyber-1024,305,0.1658,0.0141,0
Kyber-1024,306,0.1742,0.0143,0
Kyber-1024,307,0.1682,0.0141,0
Kyber-1024,308,0.1649,0.0142,0
Kyber-1024,309,0.1658,0.0142,0
Kyber-1024,310,0.1666,0.015,0
Kyber-1024,311,0.1641,0.0142,0
Kyber-1024,312,0.1661,0.0143,0
Kyber-1024,313,0.1785,0.0141,0
Kyber-1024,314,0.1653,0.014,0
Kyber-1024,315,0.1653,0.014,0
Kyber-1024,316,0.1671,0.0141,0
Kyber-1024,317,0.1652,0.0142,0
Kyber-1024,318,0.1737,0.0141,0
Kyber-1024,319,0.1687,0.0142,0
Kyber-1024,320,0.1661,0.0138,0
Kyber-1024,321,0.1668,0.014,0
Kyber-1024,322,0.1663,0.0137,0
Kyber-1024,323,0.1648,0.0143,0
Kyber-1024,324,0.1652,0.014,0
Kyber-1024,325,0.1664,0.0253,0
Kyber-1024,326,0.167,0.0143,0
Kyber-1024,327,0.1675,0.0143,0
Kyber-1024,328,0.1667,0.0144,0
Kyber-1024,329,0.1648,0.0142,0
Kyber-1024,330,0.1756,0.0141,0
Kyber-1024,331,0.1676,0.0142,0
Kyber-1024,332,0.1666,0.0141,0
Kyber-1024,333,0.1664,0.0142,0
Kyber-1024,334,0.1671,0.0142,0
Kyber-1024,335,0.168,0.014,0
Kyber-1024,336,0.1668,0.0142,0
Kyber-1024,337,0.1671,0.0141,0
Kyber-1024,338,0.166,0.014,0
Kyber-1024,339,0.1675,0.0141,0
Kyber-1024,340,0.1671,0.0141,0
Kyber-1024,341,0.1889,0.0139,0
Kyber-1024,342,0.1839,0.0144,0
Kyber-1024,343,0.1662,0.0142,0
Kyber-1024,344,0.1674,0.014,0
Kyber-1024,345,0.1677,0.0215,0
Kyber-1024,346,0.1672,0.0142,0
Kyber-1024,347,0.1671,0.014,0
Kyber-1024,348,0.1739,0.0142,0
Kyber-1024,349,0.1651,0.014,0
Kyber-1024,350,0.1668,0.0139,0
Kyber-1024,351,0.1653,0.014,0
Kyber-1024,352,0.1654,0.0142,0
Kyber-1024,353,0.1657,0.0141,0
Kyber-1024,354,0.1753,0.0142,0
Kyber-1024,355,0.1655,0.0139,0
Kyber-1024,356,0.1665,0.014,0
Kyber-1024,357,0.1649,0.014,0
Kyber-1024,358,0.1653,0.0143,0
Kyber-1024,359,0.1657,0.0141,0
Kyber-1024,360,0.1652,0.0142,0
Kyber-1024,361,0.1661,0.014,0
Kyber-1024,362,0.164,0.0143,0
Kyber-1024,363,0.168,0.0142,0
Kyber-1024,364,0.1659,0.0142,0
Kyber-1024,365,0.1646,0.0141,0
Kyber-1024,366,0.1763,0.0142,0
Kyber-1024,367,0.1666,0.0142,0
Kyber-1024,368,0.1658,0.0142,0
Kyber-1024,369,0.1667,0.014,0
Kyber-1024,370,0.1656,0.0142,0
Kyber-1024,371,0.1653,0.0141,0
Kyber-1024,372,0.1667,0.0141,0
Kyber-1024,373,0.165,0.014,0
Kyber-1024,374,0.1678,0.0142,0
Kyber-1024,375,0.1666,0.0144,0
Kyber-1024,376,0.1668,0.014,0
Kyber-1024,377,0.1663,0.0142,0
Kyber-1024,378,0.1773,0.0231,0
Kyber-1024,379,0.1679,0.0141,0
Kyber-1024,380,0.1671,0.0317,0
Kyber-1024,381,0.167,0.0157,0
Kyber-1024,382,0.1642,0.0144,0
Kyber-1024,383,0.1774,0.0143,0
Kyber-1024,384,0.1674,0.0142,0
Kyber-1024,385,0.1663,0.0139,0
Kyber-1024,386,0.1656,0.014,0
Kyber-1024,387,0.1671,0.0141,0
Kyber-1024,388,0.1644,0.0143,0
Kyber-1024,389,0.1665,0.0139,0
Kyber-1024,390,0.1753,0.0211,0
Kyber-1024,391,0.1664,0.014,0
Kyber-1024,392,0.1671,0.0142,0
Kyber-1024,393,0.1667,0.0141,0
Kyber-1024,394,0.1668,0.0145,0
Kyber-1024,395,0.165,0.0141,0
Kyber-1024,396,0.166,0.0144,0
Kyber-1024,397,0.1656,0.0146,0
Kyber-1024,398,0.1663,0.014,0
Kyber-1024,399,0.1645,0.014,0
Kyber-1024,400,0.1649,0.0144,0
Kyber-1024,401,0.1656,0.0142,0
Kyber-1024,402,0.1754,0.0142,0
Kyber-1024,403,0.1657,0.0138,0
Kyber-1024,404,0.165,0.0138,0
Kyber-1024,405,0.166,0.0142,0
Kyber-1024,406,0.1658,0.0141,0
Kyber-1024,407,0.1666,0.0141,0
Kyber-1024,408,0.1646,0.0141,0
Kyber-1024,409,0.1668,0.0141,0
Kyber-1024,410,0.1652,0.0142,0
Kyber-1024,411,0.1665,0.0141,0
Kyber-1024,412,0.1646,0.0139,0
Kyber-1024,413,0.1668,0.0142,0
Kyber-1024,414,0.1756,0.0139,0
Kyber-1024,415,0.1661,0.0145,0
Kyber-1024,416,0.1646,0.014,0
Kyber-1024,417,0.1671,0.0141,0
Kyber-1024,418,0.1644,0.0143,0
Kyber-1024,419,0.1642,0.014,0
Kyber-1024,420,0.1643,0.0141,0
Kyber-1024,421,0.1664,0.0144,0
Kyber-1024,422,0.1655,0.0139,0
Kyber-1024,423,0.1657,0.014,0
Kyber-1024,424,0.1662,0.0142,0
Kyber-1024,425,0.1665,0.0139,0
Kyber-1024,426,0.1753,0.0141,0
Kyber-1024,427,0.1831,0.0144,0
Kyber-1024,428,0.1665,0.0141,0
Kyber-1024,429,0.1659,0.0142,0
Kyber-1024,430,0.1661,0.0141,0
Kyber-1024,431,0.1662,0.0141,0
Kyber-1024,432,0.1718,0.0208,0
Kyber-1024,433,0.1651,0.0143,0
Kyber-1024,434,0.1655,0.0142,0
Kyber-1024,435,0.1642,0.0143,0
Kyber-1024,436,0.1657,0.0142,0
Kyber-1024,437,0.176,0.0144,0
Kyber-1024,438,0.1699,0.0141,0
Kyber-1024,439,0.167,0.014,0
Kyber-1024,440,0.1659,0.0142,0
Kyber-1024,441,0.1643,0.0144,0
Kyber-1024,442,0.1663,0.0143,0
Kyber-1024,443,0.1659,0.0142,0
Kyber-1024,444,0.1641,0.0141,0
Kyber-1024,445,0.166,0.0144,0
Kyber-1024,446,0.1655,0.0141,0
Kyber-1024,447,0.1658,0.0141,0
Kyber-1024,448,0.1818,0.0138,0
Kyber-1024,449,0.1712,0.0142,0
Kyber-1024,450,0.1662,0.0147,0
Kyber-1024,451,0.1666,0.0141,0
Kyber-1024,452,0.1666,0.0143,0
Kyber-1024,453,0.1673,0.0141,0
Kyber-1024,454,0.166,0.014,0
Kyber-1024,455,0.1667,0.0138,0
Kyber-1024,456,0.1666,0.016,0
Kyber-1024,457,0.1667,0.0142,0
Kyber-1024,458,0.1643,0.0143,0
Kyber-1024,459,0.1645,0.0143,0
Kyber-1024,460,0.1636,0.0139,0
Kyber-1024,461,0.1725,0.0141,0
Kyber-1024,462,0.1856,0.014,0
Kyber-1024,463,0.168,0.014,0
Kyber-1024,464,0.1667,0.014,0
Kyber-1024,465,0.1671,0.0139,0
Kyber-1024,466,0.1635,0.014,0
Kyber-1024,467,0.1673,0.0142,0
Kyber-1024,468,0.1647,0.0142,0
Kyber-1024,469,0.1667,0.0143,0
Kyber-1024,470,0.1801,0.014,0
Kyber-1024,471,0.1967,0.0142,0
Kyber-1024,472,0.1679,0.0145,0
Kyber-1024,473,0.1888,0.0143,0
Kyber-1024,474,0.1675,0.0141,0
Kyber-1024,475,0.1774,0.0141,0
Kyber-1024,476,0.1863,0.014,0
Kyber-1024,477,0.1861,0.0142,0
Kyber-1024,478,0.1665,0.0142,0
Kyber-1024,479,0.1735,0.0142,0
Kyber-1024,480,0.1715,0.0142,0
Kyber-1024,481,0.1672,0.0141,0
Kyber-1024,482,0.1663,0.0142,0
Kyber-1024,483,0.1638,0.0141,0
Kyber-1024,484,0.1652,0.0139,0
Kyber-1024,485,0.1812,0.0141,0
Kyber-1024,486,0.1658,0.0146,0
Kyber-1024,487,0.1658,0.0142,0
Kyber-1024,488,0.1656,0.014,0
Kyber-1024,489,0.1649,0.014,0
Kyber-1024,490,0.1633,0.0141,0
Kyber-1024,491,0.168,0.0139,0
Kyber-1024,492,0.165,0.0141,0
Kyber-1024,493,0.1651,0.0142,0
Kyber-1024,494,0.1655,0.0142,0
Kyber-1024,495,0.1641,0.0139,0
Kyber-1024,496,0.1652,0.0142,0
Kyber-1024,497,0.1774,0.0145,0
Kyber-1024,498,0.1662,0.0139,0
Kyber-1024,499,0.1674,0.0141,0
Kyber-1024,500,0.1645,0.0142,0
Kyber-1024,501,0.1647,0.0143,0
Kyber-1024,502,0.1753,0.0143,0
Kyber-1024,503,0.2071,0.0208,0
Kyber-1024,504,0.1784,0.0143,0
Kyber-1024,505,0.1655,0.0141,0
Kyber-1024,506,0.1668,0.0142,0
Kyber-1024,507,0.1653,0.014,0
Kyber-1024,508,0.1752,0.014,0
Kyber-1024,509,0.1696,0.0145,0
Kyber-1024,510,0.1654,0.0143,0
Kyber-1024,511,0.1672,0.016,0
Kyber-1024,512,0.1657,0.0147,0
Kyber-1024,513,0.166,0.0232,0
Kyber-1024,514,0.1642,0.0147,0
Kyber-1024,515,0.1659,0.0145,0
Kyber-1024,516,0.1654,0.014,0
Kyber-1024,517,0.1658,0.0143,0
Kyber-1024,518,0.1643,0.0149,0
Kyber-1024,519,0.1663,0.0145,0
Kyber-1024,520,0.1723,0.0139,0
Kyber-1024,521,0.1679,0.014,0
Kyber-1024,522,0.1652,0.0139,0
Kyber-1024,523,0.1657,0.0141,0
Kyber-1024,524,0.1647,0.0139,0
Kyber-1024,525,0.1651,0.0139,0
Kyber-1024,526,0.1682,0.0143,0
Kyber-1024,527,0.2039,0.014,0
Kyber-1024,528,0.1675,0.014,0
Kyber-1024,529,0.1669,0.0138,0
Kyber-1024,530,0.1658,0.0143,0
Kyber-1024,531,0.1689,0.0141,0
Kyber-1024,532,0.1792,0.0141,0
Kyber-1024,533,0.166,0.0141,0
Kyber-1024,534,0.1655,0.014,0
Kyber-1024,535,0.1665,0.014,0
Kyber-1024,536,0.1643,0.0243,0
Kyber-1024,537,0.1663,0.0144,0
Kyber-1024,538,0.1666,0.014,0
Kyber-1024,539,0.1649,0.0141,0
Kyber-1024,540,0.1659,0.0141,0
Kyber-1024,541,0.1666,0.0142,0
Kyber-1024,542,0.1652,0.0141,0
Kyber-1024,543,0.1683,0.0141,0
Kyber-1024,544,0.1789,0.0144,0
Kyber-1024,545,0.168,0.0142,0
Kyber-1024,546,0.1673,0.014,0
Kyber-1024,547,0.3626,0.014,0
Kyber-1024,548,0.2186,0.0138,0
Kyber-1024,549,0.182,0.0143,0
Kyber-1024,550,0.2016,0.0142,0
Kyber-1024,551,0.1785,0.014,0
Kyber-1024,552,0.173,0.0142,0
Kyber-1024,553,0.171,0.0142,0
Kyber-1024,554,0.1703,0.0143,0
Kyber-1024,555,0.1697,0.0142,0
Kyber-1024,556,0.1687,0.0141,0
Kyber-1024,557,0.1682,0.0139,0
Kyber-1024,558,0.1695,0.0142,0
Kyber-1024,559,0.2246,0.0143,0
Kyber-1024,560,0.2437,0.0141,0
Kyber-1024,561,0.3077,0.0139,0
Kyber-1024,562,0.178,0.0141,0
Kyber-1024,563,0.1713,0.0143,0
Kyber-1024,564,0.1704,0.014,0
Kyber-1024,565,0.1836,0.0145,0
Kyber-1024,566,0.1732,0.0141,0
Kyber-1024,567,0.169,0.0138,0
Kyber-1024,568,0.1659,0.0141,0
Kyber-1024,569,0.1684,0.0143,0
Kyber-1024,570,0.2707,0.0179,0
Kyber-1024,571,0.2354,0.0142,0
Kyber-1024,572,0.2325,0.0144,0
Kyber-1024,573,0.1844,0.0142,0
Kyber-1024,574,0.1717,0.0141,0
Kyber-1024,575,0.1694,0.0142,0
Kyber-1024,576,0.1691,0.0141,0
Kyber-1024,577,0.1681,0.0141,0
Kyber-1024,578,0.168,0.014,0
Kyber-1024,579,0.1663,0.0141,0
Kyber-1024,580,0.1661,0.0141,0
Kyber-1024,581,0.1674,0.0142,0
Kyber-1024,582,0.1662,0.0138,0
Kyber-1024,583,0.1682,0.0141,0
Kyber-1024,584,0.1761,0.014,0
Kyber-1024,585,0.1699,0.0139,0
Kyber-1024,586,0.1687,0.0142,0
Kyber-1024,587,0.1665,0.0142,0
Kyber-1024,588,0.1673,0.0145,0
Kyber-1024,589,0.1679,0.0141,0
Kyber-1024,590,0.1685,0.0144,0
Kyber-1024,591,0.1662,0.0141,0
Kyber-1024,592,0.1672,0.0142,0
Kyber-1024,593,0.1673,0.0141,0
Kyber-1024,594,0.1654,0.0139,0
Kyber-1024,595,0.1655,0.0142,0
Kyber-1024,596,0.1765,0.0142,0
Kyber-1024,597,0.1689,0.0144,0
Kyber-1024,598,0.1685,0.0142,0
Kyber-1024,599,0.1681,0.0141,0
Kyber-1024,600,0.1663,0.0141,0
Kyber-1024,601,0.1671,0.0142,0
Kyber-1024,602,0.1649,0.014,0
Kyber-1024,603,0.1665,0.0141,0
Kyber-1024,604,0.1651,0.0142,0
Kyber-1024,605,0.1672,0.0142,0
Kyber-1024,606,0.1661,0.0142,0
Kyber-1024,607,0.1655,0.0147,0
Kyber-1024,608,0.1763,0.014,0
Kyber-1024,609,0.1692,0.014,0
Kyber-1024,610,0.1667,0.0143,0
Kyber-1024,611,0.1681,0.0143,0
Kyber-1024,612,0.1661,0.0141,0
Kyber-1024,613,0.1661,0.0143,0
Kyber-1024,614,0.1933,0.0141,0
Kyber-1024,615,0.1727,0.0143,0
Kyber-1024,616,0.1686,0.0141,0
Kyber-1024,617,0.1695,0.014,0
Kyber-1024,618,0.1673,0.0141,0
Kyber-1024,619,0.1667,0.0143,0
Kyber-1024,620,0.182,0.0141,0
Kyber-1024,621,0.1683,0.0141,0
Kyber-1024,622,0.1685,0.0142,0
Kyber-1024,623,0.1678,0.014,0
Kyber-1024,624,0.1661,0.0141,0
Kyber-1024,625,0.168,0.0144,0
Kyber-1024,626,0.1671,0.0143,0
Kyber-1024,627,0.1648,0.014,0
Kyber-1024,628,0.1671,0.0142,0
Kyber-1024,629,0.1674,0.0142,0
Kyber-1024,630,0.1659,0.0144,0
Kyber-1024,631,0.166,0.0142,0
Kyber-1024,632,0.1778,0.0143,0
Kyber-1024,633,0.1664,0.0143,0
Kyber-1024,634,0.1667,0.0143,0
Kyber-1024,635,0.1678,0.014,0
Kyber-1024,636,0.166,0.0146,0
Kyber-1024,637,0.1657,0.0144,0
Kyber-1024,638,0.1664,0.0142,0
Kyber-1024,639,0.1659,0.0144,0
Kyber-1024,640,0.1656,0.0142,0
Kyber-1024,641,0.1667,0.0142,0
Kyber-1024,642,0.208,0.0217,0
Kyber-1024,643,0.1761,0.0145,0
Kyber-1024,644,0.1697,0.0145,0
Kyber-1024,645,0.1677,0.0141,0
Kyber-1024,646,0.1664,0.0143,0
Kyber-1024,647,0.1668,0.0142,0
Kyber-1024,648,0.1661,0.0141,0
Kyber-1024,649,0.1658,0.0142,0
Kyber-1024,650,0.1664,0.0142,0
Kyber-1024,651,0.1682,0.0142,0
Kyber-1024,652,0.1662,0.0143,0
Kyber-1024,653,0.1647,0.014,0
Kyber-1024,654,0.1673,0.0142,0
Kyber-1024,655,0.1727,0.0143,0
Kyber-1024,656,0.1683,0.0144,0
Kyber-1024,657,0.1658,0.014,0
Kyber-1024,658,0.1649,0.0139,0
Kyber-1024,659,0.1646,0.0143,0
Kyber-1024,660,0.164,0.0145,0
Kyber-1024,661,0.1675,0.014,0
Kyber-1024,662,0.1642,0.0142,0
Kyber-1024,663,0.1645,0.0139,0
Kyber-1024,664,0.1877,0.0141,0
Kyber-1024,665,0.1684,0.0144,0
Kyber-1024,666,0.1649,0.014,0
Kyber-1024,667,0.1734,0.0141,0
Kyber-1024,668,0.1693,0.0139,0
Kyber-1024,669,0.1672,0.0141,0
Kyber-1024,670,0.179,0.0141,0
Kyber-1024,671,0.1656,0.0142,0
Kyber-1024,672,0.1639,0.0141,0
Kyber-1024,673,0.1654,0.0142,0
Kyber-1024,674,0.1883,0.014,0
Kyber-1024,675,0.1655,0.0143,0
Kyber-1024,676,0.1724,0.0141,0
Kyber-1024,677,0.1672,0.0139,0
Kyber-1024,678,0.1645,0.0144,0
Kyber-1024,679,0.1764,0.0143,0
Kyber-1024,680,0.1694,0.0141,0
Kyber-1024,681,0.1657,0.014,0
Kyber-1024,682,0.1672,0.0144,0
Kyber-1024,683,0.1671,0.0143,0
Kyber-1024,684,0.1648,0.0145,0
Kyber-1024,685,0.1684,0.0142,0
Kyber-1024,686,0.1654,0.0141,0
Kyber-1024,687,0.1657,0.014,0
Kyber-1024,688,0.164,0.0144,0
Kyber-1024,689,0.1678,0.014,0
Kyber-1024,690,0.1669,0.0141,0
Kyber-1024,691,0.1772,0.0141,0
Kyber-1024,692,0.1671,0.0143,0
Kyber-1024,693,0.1684,0.0141,0
Kyber-1024,694,0.1643,0.0141,0
Kyber-1024,695,0.1657,0.0144,0
Kyber-1024,696,0.1657,0.0146,0
Kyber-1024,697,0.1672,0.0143,0
Kyber-1024,698,0.1636,0.0142,0
Kyber-1024,699,0.167,0.0141,0
Kyber-1024,700,0.167,0.0142,0
Kyber-1024,701,0.1666,0.0141,0
Kyber-1024,702,0.1658,0.0143,0
Kyber-1024,703,0.2072,0.0141,0
Kyber-1024,704,0.1957,0.0141,0
Kyber-1024,705,0.1721,0.0142,0
Kyber-1024,706,0.1672,0.0142,0
Kyber-1024,707,0.1691,0.0143,0
Kyber-1024,708,0.1681,0.014,0
Kyber-1024,709,0.1676,0.014,0
Kyber-1024,710,0.1867,0.014,0
Kyber-1024,711,0.1748,0.0143,0
Kyber-1024,712,0.1688,0.0143,0
Kyber-1024,713,0.1681,0.0144,0
Kyber-1024,714,0.174,0.0141,0
Kyber-1024,715,0.1716,0.0143,0
Kyber-1024,716,0.1689,0.0141,0
Kyber-1024,717,0.1662,0.014,0
Kyber-1024,718,0.1904,0.0144,0
Kyber-1024,719,0.1711,0.014,0
Kyber-1024,720,0.1693,0.0143,0
Kyber-1024,721,0.1655,0.0139,0
Kyber-1024,722,0.1667,0.0143,0
Kyber-1024,723,0.1677,0.014,0
Kyber-1024,724,0.1677,0.0142,0
Kyber-1024,725,0.1658,0.0141,0
Kyber-1024,726,0.1764,0.014,0
Kyber-1024,727,0.1684,0.014,0
Kyber-1024,728,0.166,0.014,0
Kyber-1024,729,0.1668,0.0139,0
Kyber-1024,730,0.2042,0.0142,0
Kyber-1024,731,0.169,0.0146,0
Kyber-1024,732,0.1671,0.0139,0
Kyber-1024,733,0.1685,0.0141,0
Kyber-1024,734,0.1669,0.0141,0
Kyber-1024,735,0.1658,0.014,0
Kyber-1024,736,0.1667,0.0142,0
Kyber-1024,737,0.1666,0.014,0
Kyber-1024,738,0.176,0.0142,0
Kyber-1024,739,0.166,0.014,0
Kyber-1024,740,0.1669,0.0144,0
Kyber-1024,741,0.1657,0.0141,0
Kyber-1024,742,0.1658,0.0142,0
Kyber-1024,743,0.1647,0.0142,0
Kyber-1024,744,0.1642,0.0141,0
Kyber-1024,745,0.1662,0.014,0
Kyber-1024,746,0.1641,0.0141,0
Kyber-1024,747,0.1666,0.014,0
Kyber-1024,748,0.1655,0.0141,0
Kyber-1024,749,0.1647,0.0145,0
Kyber-1024,750,0.1758,0.0141,0
Kyber-1024,751,0.1671,0.0144,0
Kyber-1024,752,0.1653,0.0142,0
Kyber-1024,753,0.1641,0.0142,0
Kyber-1024,754,0.165,0.0144,0
Kyber-1024,755,0.166,0.0145,0
Kyber-1024,756,0.1661,0.0143,0
Kyber-1024,757,0.1658,0.0143,0
Kyber-1024,758,0.1656,0.0141,0
Kyber-1024,759,0.1658,0.014,0
Kyber-1024,760,0.1648,0.0141,0
Kyber-1024,761,0.1658,0.0141,0
Kyber-1024,762,0.1798,0.0141,0
Kyber-1024,763,0.1683,0.0142,0
Kyber-1024,764,0.1684,0.0141,0
Kyber-1024,765,0.1675,0.0142,0
Kyber-1024,766,0.1663,0.0141,0
Kyber-1024,767,0.1669,0.0143,0
Kyber-1024,768,0.1657,0.014,0
Kyber-1024,769,0.1671,0.0141,0
Kyber-1024,770,0.1663,0.0146,0
Kyber-1024,771,0.1672,0.0147,0
Kyber-1024,772,0.1663,0.0144,0
Kyber-1024,773,0.1667,0.014,0
Kyber-1024,774,0.1794,0.0139,0
Kyber-1024,775,0.1671,0.0142,0
Kyber-1024,776,0.1645,0.0142,0
Kyber-1024,777,0.1645,0.014,0
Kyber-1024,778,0.1664,0.0141,0
Kyber-1024,779,0.1655,0.0143,0
Kyber-1024,780,0.1669,0.0138,0
Kyber-1024,781,0.1663,0.0141,0
Kyber-1024,782,0.1637,0.014,0
Kyber-1024,783,0.166,0.0141,0
Kyber-1024,784,0.1665,0.0145,0
Kyber-1024,785,0.1651,0.0141,0
Kyber-1024,786,0.1787,0.0142,0
Kyber-1024,787,0.1647,0.014,0
Kyber-1024,788,0.1662,0.0177,0
Kyber-1024,789,0.1671,0.0142,0
Kyber-1024,790,0.164,0.0141,0
Kyber-1024,791,0.166,0.014,0
Kyber-1024,792,0.1659,0.0142,0
Kyber-1024,793,0.165,0.0144,0
Kyber-1024,794,0.1637,0.014,0
Kyber-1024,795,0.1643,0.0141,0
Kyber-1024,796,0.2365,0.0143,0
Kyber-1024,797,0.2383,0.014,0
Kyber-1024,798,0.169,0.0143,0
Kyber-1024,799,0.167,0.014,0
Kyber-1024,800,0.2255,0.014,0
Kyber-1024,801,0.18,0.0143,0
Kyber-1024,802,0.1665,0.0143,0
Kyber-1024,803,0.1697,0.0143,0
Kyber-1024,804,0.1666,0.0141,0
Kyber-1024,805,0.167,0.0142,0
Kyber-1024,806,0.1809,0.0141,0
Kyber-1024,807,0.1719,0.0142,0
Kyber-1024,808,0.1769,0.0141,0
Kyber-1024,809,0.1698,0.0143,0
Kyber-1024,810,0.1665,0.0143,0
Kyber-1024,811,0.1681,0.0139,0
Kyber-1024,812,0.1655,0.0143,0
Kyber-1024,813,0.1659,0.0141,0
Kyber-1024,814,0.1646,0.0141,0
Kyber-1024,815,0.2023,0.0141,0
Kyber-1024,816,0.1748,0.014,0
Kyber-1024,817,0.1647,0.0143,0
Kyber-1024,818,0.1661,0.0142,0
Kyber-1024,819,0.167,0.0139,0
Kyber-1024,820,0.1781,0.0144,0
Kyber-1024,821,0.1771,0.0143,0
Kyber-1024,822,0.1762,0.0144,0
Kyber-1024,823,0.1775,0.0141,0
Kyber-1024,824,0.1696,0.0141,0
Kyber-1024,825,0.1658,0.0141,0
Kyber-1024,826,0.1662,0.0141,0
Kyber-1024,827,0.1662,0.014,0
Kyber-1024,828,0.168,0.0139,0
Kyber-1024,829,0.1654,0.0142,0
Kyber-1024,830,0.1652,0.0142,0
Kyber-1024,831,0.1663,0.0142,0
Kyber-1024,832,0.1754,0.0141,0
Kyber-1024,833,0.1687,0.0141,0
Kyber-1024,834,0.1657,0.014,0
Kyber-1024,835,0.1663,0.014,0
Kyber-1024,836,0.1668,0.0141,0
Kyber-1024,837,0.1677,0.0139,0
Kyber-1024,838,0.1675,0.0145,0
Kyber-1024,839,0.1681,0.014,0
Kyber-1024,840,0.1655,0.0142,0
Kyber-1024,841,0.1662,0.0138,0
Kyber-1024,842,0.1652,0.0143,0
Kyber-1024,843,0.1645,0.0141,0
Kyber-1024,844,0.1771,0.0141,0
Kyber-1024,845,0.1657,0.0142,0
Kyber-1024,846,0.17,0.0141,0
Kyber-1024,847,0.1673,0.0142,0
Kyber-1024,848,0.1667,0.0141,0
Kyber-1024,849,0.1648,0.0143,0
Kyber-1024,850,0.1677,0.014,0
Kyber-1024,851,0.1675,0.014,0
Kyber-1024,852,0.1676,0.0143,0
Kyber-1024,853,0.1647,0.0142,0
Kyber-1024,854,0.1652,0.0145,0
Kyber-1024,855,0.1643,0.0148,0
Kyber-1024,856,0.1754,0.0144,0
Kyber-1024,857,0.1696,0.0142,0
Kyber-1024,858,0.1791,0.0141,0
Kyber-1024,859,0.1666,0.0141,0
Kyber-1024,860,0.1672,0.0142,0
Kyber-1024,861,0.1673,0.0143,0
Kyber-1024,862,0.1669,0.0142,0
Kyber-1024,863,0.1668,0.0142,0
Kyber-1024,864,0.1658,0.0142,0
Kyber-1024,865,0.1747,0.014,0
Kyber-1024,866,0.169,0.014,0
Kyber-1024,867,0.178,0.0142,0
Kyber-1024,868,0.1669,0.0143,0
Kyber-1024,869,0.1667,0.0142,0
Kyber-1024,870,0.1767,0.0141,0
Kyber-1024,871,0.1655,0.0139,0
Kyber-1024,872,0.1645,0.0143,0
Kyber-1024,873,0.1663,0.0144,0
Kyber-1024,874,0.1662,0.0141,0
Kyber-1024,875,0.1654,0.0142,0
Kyber-1024,876,0.1731,0.0141,0
Kyber-1024,877,0.1655,0.0141,0
Kyber-1024,878,0.1659,0.0141,0
Kyber-1024,879,0.173,0.0141,0
Kyber-1024,880,0.1687,0.0142,0
Kyber-1024,881,0.1656,0.014,0
Kyber-1024,882,0.166,0.0141,0
Kyber-1024,883,0.1675,0.0142,0
Kyber-1024,884,0.1662,0.0141,0
Kyber-1024,885,0.165,0.0141,0
Kyber-1024,886,0.1669,0.0139,0
Kyber-1024,887,0.1653,0.014,0
Kyber-1024,888,0.1646,0.0141,0
Kyber-1024,889,0.1656,0.0139,0
Kyber-1024,890,0.167,0.0141,0
Kyber-1024,891,0.1729,0.0143,0
Kyber-1024,892,0.168,0.0141,0
Kyber-1024,893,0.1672,0.0141,0
Kyber-1024,894,0.1669,0.014,0
Kyber-1024,895,0.1651,0.0142,0
Kyber-1024,896,0.1645,0.0141,0
Kyber-1024,897,0.1668,0.0141,0
Kyber-1024,898,0.1664,0.0141,0
Kyber-1024,899,0.1647,0.0143,0
Kyber-1024,900,0.1666,0.0141,0
Kyber-1024,901,0.1647,0.0139,0
Kyber-1024,902,0.1652,0.014,0
Kyber-1024,903,0.1729,0.0138,0
Kyber-1024,904,0.167,0.0142,0
Kyber-1024,905,0.1666,0.014,0
Kyber-1024,906,0.1646,0.0143,0
Kyber-1024,907,0.1665,0.0141,0
Kyber-1024,908,0.1646,0.0141,0
Kyber-1024,909,0.1878,0.0145,0
Kyber-1024,910,0.1801,0.0142,0
Kyber-1024,911,0.166,0.0139,0
Kyber-1024,912,0.1638,0.014,0
Kyber-1024,913,0.1676,0.014,0
Kyber-1024,914,0.164,0.0141,0
Kyber-1024,915,0.1753,0.0141,0
Kyber-1024,916,0.1659,0.0144,0
Kyber-1024,917,0.1666,0.0141,0
Kyber-1024,918,0.1649,0.0139,0
Kyber-1024,919,0.1675,0.0141,0
Kyber-1024,920,0.1635,0.0141,0
Kyber-1024,921,0.1667,0.0142,0
Kyber-1024,922,0.1634,0.0143,0
Kyber-1024,923,0.1665,0.0218,0
Kyber-1024,924,0.1648,0.0141,0
Kyber-1024,925,0.1655,0.0141,0
Kyber-1024,926,0.1654,0.0166,0
Kyber-1024,927,0.1758,0.0231,0
Kyber-1024,928,0.1687,0.0139,0
Kyber-1024,929,0.1663,0.014,0
Kyber-1024,930,0.166,0.0142,0
Kyber-1024,931,0.1634,0.014,0
Kyber-1024,932,0.1634,0.0139,0
Kyber-1024,933,0.1656,0.014,0
Kyber-1024,934,0.1644,0.0142,0
Kyber-1024,935,0.1647,0.0141,0
Kyber-1024,936,0.1779,0.0141,0
Kyber-1024,937,0.166,0.0141,0
Kyber-1024,938,0.1649,0.0139,0
Kyber-1024,939,0.176,0.014,0
Kyber-1024,940,0.1677,0.0141,0
Kyber-1024,941,0.1651,0.0142,0
Kyber-1024,942,0.1653,0.0143,0
Kyber-1024,943,0.1662,0.014,0
Kyber-1024,944,0.166,0.0142,0
Kyber-1024,945,0.1656,0.0141,0
Kyber-1024,946,0.1652,0.0141,0
Kyber-1024,947,0.1648,0.014,0
Kyber-1024,948,0.1709,0.014,0
Kyber-1024,949,0.1671,0.0141,0
Kyber-1024,950,0.1664,0.0142,0
Kyber-1024,951,0.1756,0.0142,0
Kyber-1024,952,0.1663,0.0139,0
Kyber-1024,953,0.164,0.0139,0
Kyber-1024,954,0.1651,0.0141,0
Kyber-1024,955,0.1659,0.0139,0
Kyber-1024,956,0.1669,0.0141,0
Kyber-1024,957,0.1635,0.0139,0
Kyber-1024,958,0.1661,0.0141,0
Kyber-1024,959,0.1653,0.0141,0
Kyber-1024,960,0.1671,0.0142,0
Kyber-1024,961,0.1638,0.0149,0
Kyber-1024,962,0.1659,0.0143,0
Kyber-1024,963,0.1735,0.0143,0
Kyber-1024,964,0.1676,0.0141,0
Kyber-1024,965,0.1656,0.014,0
Kyber-1024,966,0.1661,0.0142,0
Kyber-1024,967,0.1658,0.0143,0
Kyber-1024,968,0.1634,0.0139,0
Kyber-1024,969,0.1638,0.0143,0
Kyber-1024,970,0.1657,0.0142,0
Kyber-1024,971,0.1646,0.0141,0
Kyber-1024,972,0.1637,0.0139,0
Kyber-1024,973,0.1645,0.0142,0
Kyber-1024,974,0.1635,0.0141,0
Kyber-1024,975,0.1734,0.0143,0
Kyber-1024,976,0.1678,0.0143,0
Kyber-1024,977,0.165,0.0142,0
Kyber-1024,978,0.171,0.0233,0
Kyber-1024,979,0.1649,0.0143,0
Kyber-1024,980,0.1639,0.0143,0
Kyber-1024,981,0.1666,0.0141,0
Kyber-1024,982,0.1752,0.0141,0
Kyber-1024,983,0.1664,0.0142,0
Kyber-1024,984,0.1655,0.014,0
Kyber-1024,985,0.1649,0.0143,0
Kyber-1024,986,0.166,0.0145,0
Kyber-1024,987,0.1765,0.0142,0
Kyber-1024,988,0.1673,0.0142,0
Kyber-1024,989,0.1652,0.0141,0
Kyber-1024,990,0.1647,0.0141,0
Kyber-1024,991,0.194,0.0142,0
Kyber-1024,992,0.1809,0.0139,0
Kyber-1024,993,0.1837,0.0143,0
Kyber-1024,994,0.1695,0.014,0
Kyber-1024,995,0.1658,0.0143,0
Kyber-1024,996,0.165,0.0141,0
Kyber-1024,997,0.1654,0.0144,0
Kyber-1024,998,0.1692,0.0141,0
Kyber-1024,999,0.1854,0.0143,0
